Site ID,Season,Mussel Species,Plant Species,Sample ID,Material_Ag,Material,Treatment,Flag,CNS Run,CNS Tray,Weight (mg),N2 Area,δ15N At. Air,%N,CO2 Area,δ13C VPDB,%C,SO2 Area,δ34S VCDT,%S,HO Run,HO Tray,weight (mg),H2 Amp,%H,δ2H vs. VSMOW,CO Amp,%O,δ18O vs. VSMOW,Notes
DEER,Summer,Asian Clam,,DC-AC-01,Mussel Tissue,Mussel Tissue,none,,,,,,,,,,,,,,,Tray 6a,0.383,1184,6.9104,-107.5341,7282,33.4051,12.3413,
DEER,Summer,Asian Clam,,DC-AC-04,Mussel Tissue,Mussel Tissue,none,,,,,,9.635937714,7.956777225,,-30.14292418,47.11334106,,-7.73,0.37,,Tray 6a,0.372,1455,8.6713,-105.0097,8063,37.8909,11.9697,
DEER,Summer,Asian Clam,,DC-AC-07,Mussel Tissue,Mussel Tissue,none,,,,,,,,,,,,,,,Tray 6a,0.374,1178,7.0563,-107.6351,7088,33.4951,13.2777,
DEER,Fall,Asian Clam,,DCAC-01,Mussel Tissue,Mussel Tissue,none,,,Tray 2,1.21,0.0143,10.2742,6.4575,0.3641,-29.1345,38.976,0.0042,-6.816,0.5321,,,,,6.91,-107.53,0.364,33.41,12.34,
DEER,Fall,Asian Clam,,DCAC-04,Mussel Tissue,Mussel Tissue,none,,,Tray 2,1.197,0.0155,10.5355,7.0668,0,-29.1215,0,0.0046,-6.8519,0.5941,,,,,8.67,-105.01,0,37.89,11.97,
DEER,Fall,Asian Clam,,DCAC-07,Mussel Tissue,Mussel Tissue,none,,,Tray 2,1.129,0.0152,10.6591,7.3834,0.3645,-28.765,41.8214,0.0043,-6.7448,0.5859,,,,,7.06,-107.64,0.365,33.5,13.28,
DEER,Summer,Asian Clam,,DC-AC-05,Mussel Tissue,Mussel Tissue,none,from FA CSV,,,,,9.4182,7.8662,,-29.9792,47.207,,-7.61,0.36,,,,,5.88,-114.37,4117,28.98,17.05,
DEER,Summer,Asian Clam,,DC-AC-02,Mussel Tissue,Mussel Tissue,none,from FA CSV,,,,,9.2667,7.9754,,-29.9753,46.3432,,-7.87,0.33,,,,,7.67,-112.18,4546,36.73,16.71,
DEER,Summer,Fatmucket,,DC-FM-08,Mussel Tissue,Mussel Tissue,none,from FA CSV,,,,,11.9626,12.6544,,-29.1166,44.5247,,-6.2,4.73,,,,,4.94,-107.03,3586,27.54,13.2,
DEER,Summer,Fatmucket,,DC-FM-06,Mussel Tissue,Mussel Tissue,none,from FA CSV,,,,,11.478,10.9104,,-29.5489,45.4317,,-6.42,5.25,,,,,5.5,-105.3,3912,30.15,15.06,
DEER,Summer,Fatmucket,,DC-FM-03,Mussel Tissue,Mussel Tissue,none,from FA CSV,,,,,10.2004,6.868,,-29.5389,36.6083,,-6.86,6.24,,,,,5.64,-96.61,4617,37.28,17.22,
DEER,Summer,Fatmucket,,DC-FM-10,Mussel Tissue,Mussel Tissue,none,from FA CSV,,,,,10.543,4.7306,,-29.866,34.2161,,-6.76,5.81,,,,,5.39,-100.96,3687,29.88,17.85,
DEER,Summer,Fatmucket,,DC-FM-09,Mussel Tissue,Mussel Tissue,none,from FA CSV,,,,,10.4118,4.9663,,-27.9199,28.6544,,-6.11,3.83,,,,,5.18,-106.49,4130,33.02,19,
DEER,Summer,Fatmucket,,DC-FM-01,Mussel Tissue,Mussel Tissue,none,,,,,,11.08286194,8.333636289,,-28.67600892,32.45968361,,-6.25,5.99,,Tray 6a,0.409,980,5.4323,-105.4669,7168,31.2798,9.0786,
DEER,Summer,Fatmucket,,DC-FM-02,Mussel Tissue,Mussel Tissue,none,,,,,,9.817533085,7.373165509,,-29.46848835,37.28125532,,-6.89,4.99,,Tray 6a,0.448,902,4.5181,-98.6773,6667,26.353,8.5642,
DEER,Summer,Fatmucket,,DC-FM-04,Mussel Tissue,Mussel Tissue,none,,,,,,11.25223684,4.670189805,,-29.20577207,27.93788758,,-6.3,3.75,,Tray 6a,0.439,1281,6.4597,-78.5454,8062,33.298,14.6866,
DEER,Summer,Fatmucket,,DC-FM-05,Mussel Tissue,Mussel Tissue,none,,,,,,10.45382452,6.252721613,,-29.27735794,32.28741957,,-6.53,1.85,,Tray 6a,0.41,869,4.7857,-103.559,6691,29.6324,14.4027,
DEER,Summer,Fatmucket,,DC-FM-07,Mussel Tissue,Mussel Tissue,none,,,,,,10.37769897,6.481929389,,-29.39782363,35.67251873,,-6.99,4.35,,Tray 6a,0.406,1161,6.425,-94.2229,7093,31.1488,11.6887,
DEER,Fall,Fatmucket,,DCFM-01,Mussel Tissue,Mussel Tissue,none,,,Tray 2,1.129,0.0131,11.8715,6.3679,0.2613,-28.5446,29.9738,0.0041,-6.9542,0.5543,,,,,5.43,-105.47,0.261,31.28,9.08,
DEER,Fall,Fatmucket,,DCFM-02,Mussel Tissue,Mussel Tissue,none,,,Tray 2,1.084,0.0114,11.1303,5.7572,0.2413,-27.7392,28.8281,0.0038,-5.7788,0.5429,,,,,4.52,-98.68,0.241,26.35,8.56,
DEER,Fall,Fatmucket,,DCFM-04,Mussel Tissue,Mussel Tissue,none,,,Tray 2,1.114,0.0111,11.1857,5.4598,0.2414,-28.0711,28.0685,0.0037,-6.4469,0.5152,,,,,6.46,-78.55,0.241,33.3,14.69,
DEER,Fall,Fatmucket,,DCFM-05,Mussel Tissue,Mussel Tissue,none,,,Tray 2,0.94,0.0128,11.4804,7.4743,0.2514,-28.0173,34.6463,0.0035,-5.9904,0.5678,,,,,4.79,-103.56,0.251,29.63,14.4,
DEER,Fall,Fatmucket,,DCFM-07,Mussel Tissue,Mussel Tissue,none,,,Tray 2,0.969,0.0113,11.0433,6.3602,0.2285,-28.2405,30.5454,0.0034,-6.1034,0.5368,,,,,6.43,-94.22,0.229,31.15,11.69,
DEER,Summer,Plain Pocketbook,,DC-PP-10,Mussel Tissue,Mussel Tissue,none,from FA CSV,,,,,10.8986,8.8576,,-29.0149,37.3212,,-4.85,8.2,,,,,5.36,-106.1,3430,31.03,15.92,
DEER,Summer,Plain Pocketbook,,DC-PP-09,Mussel Tissue,Mussel Tissue,none,from FA CSV,,,,,11.1299,6.7483,,-28.5722,29.1275,,-4.21,6.46,,,,,4.35,-109.73,3645,27.38,11.62,
DEER,Summer,Plain Pocketbook,,DC-PP-08,Mussel Tissue,Mussel Tissue,none,from FA CSV,,,,,11.761,10.8903,,-29.0756,40.4365,,-4.55,5.69,,,,,5.6,-108.01,4051,30.56,13.24,
DEER,Summer,Plain Pocketbook,,DC-PP-06,Mussel Tissue,Mussel Tissue,none,from FA CSV,,,,,11.196,9.4376,,-29.2068,40.6224,,-4.64,5.4,,,,,6.34,-109.07,4030,31.35,15.16,
DEER,Summer,Plain Pocketbook,,DC-PP-02,Mussel Tissue,Mussel Tissue,none,,,,,,11.36332448,10.03533635,,-28.50853223,37.34347436,,-4.74,5.37,,Tray 6a,0.394,1137,6.4004,-107.1002,7346,33.8365,18.2179,
DEER,Summer,Plain Pocketbook,,DC-PP-03,Mussel Tissue,Mussel Tissue,none,,,,,,11.46048472,10.91341616,,-28.83760922,40.82521039,,-4.65,7.73,,Tray 6a,0.44,1095,5.5272,-90.0574,7237,29.4143,12.6909,
DEER,Summer,Plain Pocketbook,,DC-PP-04,Mussel Tissue,Mussel Tissue,none,,,,,,11.02576778,5.713074879,,-28.54476988,26.02025172,,-4.64,5.41,,Tray 6a,0.45,869,4.3178,-92.6648,6975,27.4009,6.134,
DEER,Summer,Plain Pocketbook,,DC-PP-05,Mussel Tissue,Mussel Tissue,none,,,,,,11.40539387,11.72681887,,-29.01487987,42.47818659,,-4.73,7.03,,Tray 6a,0.379,716,4.2646,-103.9009,5116,24.2897,12.4346,
DEER,Summer,Plain Pocketbook,,DC-PP-07,Mussel Tissue,Mussel Tissue,none,,,,,,11.56064992,10.11926587,,-28.56533719,36.54576081,,-4.18,7.77,,Tray 6a,0.477,1120,5.2154,-99.8132,7775,28.5731,7.5992,
DEER,Fall,Plain Pocketbook,,DCPP-02,Mussel Tissue,Mussel Tissue,none,,,Tray 2,0.982,0.0143,11.159,7.9677,0.271,-28.4322,35.7509,0.004,-5.8425,0.6202,,,,,6.4,-107.1,0.271,33.84,18.22,
DEER,Fall,Plain Pocketbook,,DCPP-03,Mussel Tissue,Mussel Tissue,none,,,Tray 2,1.154,0.0128,11.5332,6.0942,0.2672,-28.2514,29.9951,0.0041,-5.9128,0.5432,,,,,5.53,-90.06,0.267,29.41,12.69,
DEER,Fall,Plain Pocketbook,,DCPP-04,Mussel Tissue,Mussel Tissue,none,,,Tray 2,0.932,0.0103,11.3816,6.048,0.1921,-28.0648,26.7026,0.0033,-5.6947,0.5411,,,,,4.32,-92.66,0.192,27.4,6.13,
DEER,Fall,Plain Pocketbook,,DCPP-05,Mussel Tissue,Mussel Tissue,none,,,Tray 2,1.167,0.0157,11.5471,7.3792,0.2837,-27.8275,31.4848,0.0049,-6.045,0.65,,,,,4.26,-103.9,0.284,24.29,12.43,
DEER,Fall,Plain Pocketbook,,DCPP-07,Mussel Tissue,Mussel Tissue,none,,,Tray 2,0.94,0.0137,11.7558,7.9931,0.2366,-27.8116,32.5991,0.0039,-5.6501,0.6375,,,,,5.22,-99.81,0.237,28.57,7.6,
DEER,Summer,Plain Pocketbook,,DC-PP-01,Mussel Tissue,Mussel Tissue,none,from FA CSV,,,,,11.3623,9.0663,,-28.1305,34.7037,,-4.64,7.37,,,,,6.07,-102.9,4069,31.84,10.7,
DEER,Summer,Wabash Pigtoe,,DC-WPT-10,Mussel Tissue,Mussel Tissue,none,from FA CSV,,,,,10.7057,8.6625,,-29.005,40.1219,,-3.19,0.58,,,,,5.89,-107.4,3176,30.55,16.48,
DEER,Summer,Wabash Pigtoe,,DC-WPT-04,Mussel Tissue,Mussel Tissue,none,from FA CSV,,,,,10.6335,8.2837,,-28.7551,37.5431,,-4.57,0.71,,,,,5.02,-102.39,2746,25.89,11.67,
DEER,Summer,Wabash Pigtoe,,DC-WPT-03,Mussel Tissue,Mussel Tissue,none,from FA CSV,,,,,9.9005,9.1322,,-29.257,44.2026,,-5.99,0.56,,,,,6.41,-111.85,3362,33.27,20.9,
DEER,Summer,Wabash Pigtoe,,DC-WPT-07,Mussel Tissue,Mussel Tissue,none,from FA CSV,,,,,11.2231,8.7127,,-29.1893,38.2843,,-6.23,0.63,,,,,5.06,-97.31,3634,31.66,15.63,
DEER,Summer,Wabash Pigtoe,,DC-WPT-09,Mussel Tissue,Mussel Tissue,none,from FA CSV,,,,,11.7164,8.6007,,-29.1227,42.0205,,-6.51,0.57,,,,,6.16,-101.48,3418,33.1,18.09,
DEER,Summer,Wabash Pigtoe,,DC-WPT-06,Mussel Tissue,Mussel Tissue,none,from FA CSV,,,,,11.1479,11.886,,-28.2718,45.5063,,-6.62,0.41,,,,,4.97,-104.5,2903,28.74,18.47,
DEER,Summer,Wabash Pigtoe,,DC-WP-01,Mussel Tissue,Mussel Tissue,none,,,,,,,,,,,,,,,Tray 6a,0.381,1080,6.3617,-104.6185,7245,33.872,12.2527,
DEER,Summer,Wabash Pigtoe,,DC-WP-02,Mussel Tissue,Mussel Tissue,none,,,,,,,,,,,,,,,Tray 6a,0.393,1176,6.6782,-81.7057,7413,34.0763,11.925,
DEER,Summer,Wabash Pigtoe,,DC-WP-04,Mussel Tissue,Mussel Tissue,none,,,,,,,,,,,,,,,Tray 6a,0.374,1030,6.1991,-96.5932,7148,33.7656,11.2067,
DEER,Summer,Wabash Pigtoe,,DC-WP-06,Mussel Tissue,Mussel Tissue,none,,,,,,,,,,,,,,,Tray 6a,0.428,892,4.7079,-93.5559,6702,27.9261,8.1136,
DEER,Summer,Wabash Pigtoe,,DC-WP-07,Mussel Tissue,Mussel Tissue,none,,,,,,,,,,,,,,,Tray 6a,0.368,868,5.3182,-90.3541,6095,29.6987,8.4641,
DEER,Fall,Wabash Pigtoe,,DCWP-01,Mussel Tissue,Mussel Tissue,none,,,Tray 2,0.99,0.0134,11.3713,7.3874,0.2919,-28.6882,38.1863,0.0046,-6.0805,0.7103,,,,,6.36,-104.62,0.292,33.87,12.25,
DEER,Fall,Wabash Pigtoe,,DCWP-02,Mussel Tissue,Mussel Tissue,none,,,Tray 2,1.084,0.0133,11.5634,6.7354,0.2498,-28.2852,29.8527,0.0044,-4.1875,0.6285,,,,,6.68,-81.71,0.25,34.08,11.92,
DEER,Fall,Wabash Pigtoe,,DCWP-04,Mussel Tissue,Mussel Tissue,none,,,Tray 2,1.114,0.0189,11.2706,9.268,0.3438,-27.778,39.9737,0.0055,-5.7835,0.7589,,,,,6.2,-96.59,0.344,33.77,11.21,
DEER,Fall,Wabash Pigtoe,,DCWP-06,Mussel Tissue,Mussel Tissue,none,,,Tray 2,0.94,0.0123,11.6447,7.1431,0.2413,-28.2126,33.2532,0.0046,-4.8699,0.7562,,,,,4.71,-93.56,0.241,27.93,8.11,
DEER,Fall,Wabash Pigtoe,,DCWP-07,Mussel Tissue,Mussel Tissue,none,,,Tray 2,0.969,0.0139,11.3556,7.8335,0.2948,-27.7193,39.4035,0.005,-5.4063,0.7867,,,,,5.32,-90.35,0.295,29.7,8.46,
DEER,Summer,Wabash Pigtoe,,DC-WPT-02,Mussel Tissue,Mussel Tissue,none,from FA CSV,,,,,11.4617,9.2274,,-28.9658,39.3654,,-5.47,0.51,,,,,5.7,-94.12,2852,28.19,14.84,
DEER,Summer,Wabash Pigtoe,,DC-WPT-08,Mussel Tissue,Mussel Tissue,none,from FA CSV,,,,,10.5382,8.8459,,-28.9815,39.7079,,-6.2,0.38,,,,,5.56,-105.81,3434,29.22,16.49,
DEER,Summer,Wabash Pigtoe,,DC-WPT-01,Mussel Tissue,Mussel Tissue,none,from FA CSV,,,,,12.29,13.3409,,-28.7286,47.6375,,-5.7,0.61,,,,,5.97,-101.95,3058,30.45,18.59,
DEER,Summer,Wabash Pigtoe,,DC-WPT-05,Mussel Tissue,Mussel Tissue,none,from FA CSV,,,,,10.2715,6.2205,,-29.4805,34.3873,,-6.19,0.43,,,,,6.4,-111.65,3602,32.74,20.08,
DEER,Fall,,,BDC-F01,Biofilm,Biofilm,acid-fumed,,,"Tray 8b, Tray 13",7.3,0.0208,9.554,1.5809,0.9099,-19.3628,14.44,0.0125,1.4761,0.2681,,,,,,,,,,
DEER,Fall,,,BDC-F02,Biofilm,Biofilm,none,,,Trays 14 and 16,6.7,0.0157,9.9746,1.2717,0.5576,-22.5794,10.428,0.007,-3.8104,0.1543,,,,,,,,,,
DEER,Fall,,,BDC-F03,Biofilm,Biofilm,none,no chemistry,,,,,,,,,,,,,,,,,,,,,,
DEER,Summer,,,BDC-S01,Biofilm,Biofilm,acid-fumed,,,"Tray 8b, Tray 13",12.2,0.0268,7.6579,1.2212,0.8518,,8.0887,0.0139,-4.1178,0.1783,,,,,,,,,,"CNS: sample too big, no C data"
DEER,Summer,,,BDC-S02,Biofilm,Biofilm,none,,,Trays 14 and 16,3.3,0.0094,9.7279,1.5481,0.3628,-25.0092,13.7771,0.0054,-2.3842,0.2418,,,,,,,,,,
DEER,Summer,,,BDC-S03,Biofilm,Biofilm,none,no chemistry,,,,,,,,,,,,,,,,,,,,,,
DEER,,,,DC A. Sycamore,Riparian Vegetation,Riparian Vegetation,none,,,"Tray 18, 10, 11",3.631,0.0119,2.9592,2.2632,0.4294,-29.2749,25.2786,0.0051,-6.2767,0.4574,,"Tray 3, 19, 20",0.384,1625,6.0723,-104.3257,3655,39.7379,18.9613,
DEER,,,,DC Corn,Riparian Vegetation,Riparian Vegetation,none,,,"Tray 18, 10, 11",3.544,0.0153,4.417,2.9786,0.7841,-11.6539,47.2884,0.0021,-1.5967,0.197,,"Tray 3, 19, 20",0.39,1676,6.1776,-84.7583,3749,40.5012,25.5747,
DEER,,,,DC Grasses,Riparian Vegetation,Riparian Vegetation,none,,,"Tray 18, 10, 11",3.496,0.0227,7.7227,4.4839,0.7812,-30.3863,47.7609,0.0067,-4.7636,0.6232,,"Tray 3, 19, 20",0.412,1789,6.1007,-93.3272,3561,36.3396,20.6386,
DEER,,,,DC Mulberry,Riparian Vegetation,Riparian Vegetation,none,,,"Tray 18, 10, 11",3.447,0.0153,4.9592,3.0708,0.6396,-28.5162,39.6588,0.0026,-6.8401,0.2412,,"Tray 3, 19, 20",0.467,1957,6.0275,-68.8752,4512,40.8149,22.2224,
DEER,,,,DC Silver Maple,Riparian Vegetation,Riparian Vegetation,none,,,"Tray 18, 10, 11",3.752,0.0139,2.5001,2.561,0.8359,-29.0733,47.6165,0.0023,-9.6227,0.1976,,"Tray 3, 19, 20",0.41,1784,6.2759,-95.8711,3900,39.8036,21.6425,
DEER,,,,DC Soybean,Riparian Vegetation,Riparian Vegetation,none,,,"Tray 18, 10, 11",3.886,0.0318,-1.2273,5.6461,0.6972,-27.4015,38.3466,0.0035,0.3976,0.2964,,"Tray 3, 19, 20",0.46,2095,6.5771,-115.2937,4173,37.8588,18.918,
DEER,,,,GDC-F01,POM,POM,none,,,Tray 5,66.471,0.0016,6.1374,0.0161,0.0534,-24.5938,0.1986,0.0027,-0.6811,0.0113,,,,,,,,,,
DEER,,,,GDC-F01,POM,POM,acid-fumed,,,Tray 8a,,0.0033,-0.3108,,0.1114,-31.7498,,,,,,,,,,,,,,"CNS: leaky capsule, bad peak shape, no S data"
DEER,,,,GDC-F02,POM,POM,none,no chemistry,,,,,,,,,,,,,,,,,,,,,,
DEER,,,,GDC-S01,POM,POM,none,,,Tray 5,65.704,0.0011,7.9342,0.0117,0.0444,-30.1083,0.1504,,,,,,,,,,,,,"CNS: bad peak shape, no S data"
DEER,,,,GDC-S01,POM,POM,acid-fumed,,,Tray 8a,66.693,0.0028,4.9923,0.0232,0.1081,-32.5909,0.2035,0.0047,0.6767,0.0111,,,,,,,,,,
DEER,,,,GDC-S02,POM,POM,none,no chemistry,,,,,,,,,,,,,,,,,,,,,,
DEER,Fall,,,LDC-F01,Leaf Litter,Leaf Litter,none,2 CNS reps,,"Tray 18, 10, 11",2.736,0.005,4.6765,1.2387,0.4613,-27.6619,41.6671,0.0019,-2.251,0.1973,,"Tray 3, 19, 20",0.381,1478,6.0667,-62.3506,3509,42.0775,24.4175,
DEER,Fall,,,LDC-F01,Leaf Litter,Leaf Litter,none,2 CNS reps / HO not found,,"Tray 18, 10, 11",3.105,0.0058,5.0205,1.2864,0.5309,-29.7317,42.2528,0.0026,-3.713,0.2296,,,,,,,,,,
DEER,Fall,,,LDC-F01,Leaf Litter,Leaf Litter,acid-fumed,no chemistry,,,,,,,,,,,,,,,,,,,,,,
DEER,Fall,,,SDC-F,Sediment,Sediment,none,,,Tray 17,44.435,0.0049,5.0087,0.0836,0.5875,-8.2381,3.0011,,,,,"Tray 3, 19, 20",0.353,87,0.3342,528.6404,1179,16.1771,23.548,HO: consider rerunning at 1.5-2mg
DEER,Fall,,,SDC-F,Sediment,Sediment,acid-fumed,,,Trays 14 and 16,7.387,0.0039,5.7716,0.0721,0.2607,-7.9776,4.4226,0.0038,-5.0054,0.0764,,,,,,,,,,CNS: Tray 16
DEER,Summer,,,SDC-S,Sediment,Sediment,none,,,Tray 17,49.258,0.001,-0.1056,0.016,0.2055,-4.114,0.9468,,,,,"Tray 3, 19, 20",0.502,147,0.4838,255.0145,696,6.3578,18.4952,HO: consider rerunning at 1.5-2mg
DEER,Summer,,,SDC-S,Sediment,Sediment,acid-fumed,no chemistry,,,,,,,,,,,,,,,,,,,,,,
EELR,,,Ash,ER Ash spp.,Riparian Vegetation,Riparian Vegetation,none,,,"Tray 18, 10, 11",3.131,0.0095,4.5645,2.0993,0.6981,-28.959,47.6551,0.0027,-7.3414,0.2785,,"Tray 3, 19, 20",0.433,1875,6.208,-93.6447,4299,41.7379,21.0847,
EELR,,,Corn Leaf,ER Corn,Corn,Riparian Vegetation,none,,,"Tray 18, 10, 11",3.337,0.0138,2.4298,2.8578,0.7165,-12.4552,45.8933,0.0027,2.9912,0.2608,,"Tray 3, 19, 20",0.357,1514,6.0688,-67.7957,3581,42.7182,25.336,
EELR,,,Grass,ER Grasses,Riparian Vegetation,Riparian Vegetation,none,,,"Tray 18, 10, 11",3.224,0.0173,6.9554,3.7011,0.714,-31.2183,47.3372,0.0046,-8.3968,0.4644,,"Tray 3, 19, 20",0.428,1822,6.0636,-98.9064,3788,37.5201,19.6817,"HO: well empty, filled from loose sample"
EELR,,,Grass,ER Grasses-1,Riparian Vegetation,Riparian Vegetation,none,no chemistry,,,,,,,,,,,,,,,,,,,,,,
EELR,,,Hackberry,ER Common Hackberry,Riparian Vegetation,Riparian Vegetation,none,,,"Tray 18, 10, 11",4.013,0.0141,3.4467,2.4347,0.7948,-27.9887,42.3346,0.002,-6.0525,0.1615,,"Tray 3, 19, 20",0.361,1375,5.4681,-56.8112,3359,39.2657,21.9526,
EELR,,,Soybean Leaf,ER Soybean,Soy,Riparian Vegetation,none,,,"Tray 18, 10, 11",3.747,0.0325,-0.9921,5.9838,0.043,-27.1193,2.4515,0.004,4.5201,0.3442,,"Tray 3, 19, 20",0.452,2114,6.6517,-128.243,4078,37.6979,20.2738,
EELR,,,Sycamore,ER A. Sycamore,Riparian Vegetation,Riparian Vegetation,none,,,"Tray 18, 10, 11",3.835,0.0132,3.8621,2.3832,0.8072,-28.5567,44.9856,0.0054,-8.4288,0.4597,,"Tray 3, 19, 20",0.398,1926,6.9233,-104.0691,4153,43.9786,21.2215,"HO: well empty, filled from loose sample"
EELR,,,Sycamore,ER A. Sycamore-1,Riparian Vegetation,Riparian Vegetation,none,no chemistry,,,,,,,,,,,,,,,,,,,,,,
EELR,,,Water Willow,ER Water Willow,Riparian Vegetation,Riparian Vegetation,none,,,"Tray 18, 10, 11",3.435,0.0285,13.7972,5.7344,0.7337,-30.9604,45.6517,0.0046,-10.3497,0.4371,,"Tray 3, 19, 20",0.44,1872,6.0603,-111.9395,3776,36.1959,16.505,"HO: well empty, filled from loose sample"
EELR,,,Water Willow,ER Water willow-1,Riparian Vegetation,Riparian Vegetation,none,no chemistry,,,,,,,,,,,,,,,,,,,,,,
EELR,,,Water Willow,ER Water willow-2,Riparian Vegetation,Riparian Vegetation,none,no chemistry,,,,,,,,,,,,,,,,,,,,,,
EELR,Summer,Asian Clam,,ER-AC-01,Mussel Tissue,Mussel Tissue,none,,,,,,,,,,,,,,,Tray 6b and 7a,0.422,1203,5.9116,-121.7827,7322,29.3443,15.2387,
EELR,Summer,Asian Clam,,ER-AC-04,Mussel Tissue,Mussel Tissue,none,,,,,,,,,,,,,,,Tray 6b and 7a,0.382,1135,6.1864,-90.2861,6118,25.9877,12.8289,
EELR,Summer,Asian Clam,,ER-AC-07,Mussel Tissue,Mussel Tissue,none,,,,,,,,,,,,,,,Tray 6b and 7a,0.424,1322,6.4525,-116.9609,6827,26.3372,13.4131,
EELR,Fall,Asian Clam,,ERAC-01,Mussel Tissue,Mussel Tissue,none,,,Tray 1a,1.085,0.0169,15.4292,7.6436,0.3295,-29.6423,39.0409,0.0081,4.019,1.1505,,,,,5.91,-121.78,0.33,29.34,15.24,
EELR,Fall,Asian Clam,,ERAC-07,Mussel Tissue,Mussel Tissue,none,,,Tray 1a,0.946,0.016,14.4243,8.3086,0.3085,-29.4242,41.9207,0.0083,1.1779,1.3525,,,,,6.45,-116.96,0.309,26.34,13.41,
EELR,Fall,Asian Clam,,ERAC04,Mussel Tissue,Mussel Tissue,none,,,Tray 1a,1.203,0.0185,13.2368,7.5585,0.3537,-30.1538,37.7878,0.0107,-1.0359,1.3688,,,,,,,0.354,,,
EELR,Summer,Asian Clam,,ER-AC-10-SP,Mussel Tissue,Mussel Tissue,none,from FA CSV,,,,,10.9233,7.4525,,-32.4976,46.9984,,,,,,,,7.58,-115.94,3463,36.12,18.74,
EELR,Summer,Asian Clam,,ER-AC-09-SP,Mussel Tissue,Mussel Tissue,none,from FA CSV,,,,,10.535,7.4627,,-32.3556,45.8923,,-8.4,0.47,,,,,6.46,-112.56,3549,29.64,20.71,
EELR,Summer,Asian Clam,,ER-AC-02-SP,Mussel Tissue,Mussel Tissue,none,from FA CSV,,,,,10.7919,7.486,,-32.3927,46.8793,,,,,,,,6.96,-116.99,3551,33.48,18.63,
EELR,Summer,Asian Clam,,ER-AC-08-SP,Mussel Tissue,Mussel Tissue,none,from FA CSV,,,,,10.6211,8.5289,,-32.0148,47.2908,,-10.08,0.87,,,,,6.23,-115.84,3452,29.3,17.91,
EELR,Summer,Fatmucket,,ER-FM-10-SP,Mussel Tissue,Mussel Tissue,none,from FA CSV,,,,,11.7505,6.5953,,-31.9359,35.1096,,,,,,,,6.52,-102.69,3570,38.71,16.14,
EELR,Summer,Fatmucket,,ER-FM-09-SP,Mussel Tissue,Mussel Tissue,none,from FA CSV,,,,,11.4377,7.388,,-32.079,41.9507,,,,,,,,6.24,-108.27,3829,36.23,18.09,
EELR,Summer,Fatmucket,,ER-FM-07-SP,Mussel Tissue,Mussel Tissue,none,from FA CSV,,,,,11.6458,7.2562,,-31.0412,32.4671,,-9.7,0.96,,,,,4.91,-105.17,4110,28.03,11.43,
EELR,Summer,Fatmucket,,ER-FM-08-SP,Mussel Tissue,Mussel Tissue,none,from FA CSV,,,,,11.8631,5.452,,-32.5387,33.7467,,-10.99,0.71,,,,,6.63,-104.77,4557,40.41,18.2,
EELR,Summer,Fatmucket,,ER-FM-06-SP,Mussel Tissue,Mussel Tissue,none,from FA CSV,,,,,12.0344,8.5599,,-32.6161,40.8528,,-11.44,0.75,,,,,6.18,-104.42,4703,34.42,15.22,
EELR,Summer,Fatmucket,,ER-FM-04-SP,Mussel Tissue,Mussel Tissue,none,from FA CSV,,,,,11.3193,6.7211,,-32.1068,37.6197,,-9.98,0.76,,,,,6.27,-102.26,4745,35.32,17.36,
EELR,Summer,Fatmucket,,ER-FM-03-SP,Mussel Tissue,Mussel Tissue,none,from FA CSV,,,,,11.3243,9.8053,,-31.5486,44.2061,,-9.33,0.52,,,,,6.37,-105.86,3791,35.09,17.2,
EELR,Summer,Fatmucket,,ER-FM-01-SP,Mussel Tissue,Mussel Tissue,none,from FA CSV,,,,,11.3673,8.0576,,-31.243,37.9271,,-8.82,0.7,,,,,4.9,-96.07,3633,30.33,19.07,
EELR,Summer,Fatmucket,,ER-FM-02-SP,Mussel Tissue,Mussel Tissue,none,from FA CSV,,,,,10.9516,5.3686,,-32.0216,32.8202,,-8.43,0.51,,,,,4.42,-105.16,3223,27.02,18.93,
EELR,Summer,Fatmucket,,ER-FM-05-SP,Mussel Tissue,Mussel Tissue,none,from FA CSV,,,,,11.5897,9.4427,,-31.2832,39.7666,,-8.28,0.6,,,,,5.23,-105.14,3170,29.11,17.1,
EELR,Summer,Fatmucket,,ER-FM-03,Mussel Tissue,Mussel Tissue,none,,,,,,,,,,,,,,,Tray 6b and 7a,0.429,1074,5.2202,-99.629,7567,28.7154,9.6938,
EELR,Summer,Fatmucket,,ER-FM-04,Mussel Tissue,Mussel Tissue,none,,,,,,,,,,,,,,,Tray 6b and 7a,0.393,944,5.0709,-109.8612,6626,27.5472,11.5858,
EELR,Summer,Fatmucket,,ER-FM-07,Mussel Tissue,Mussel Tissue,none,,,,,,,,,,,,,,,Tray 6b and 7a,0.484,1185,5.0776,-104.8063,7940,26.915,8.4534,
EELR,Summer,Fatmucket,,ER-FM-09,Mussel Tissue,Mussel Tissue,none,,,,,,,,,,,,,,,Tray 6b and 7a,0.354,767,4.5483,-76.6207,5748,26.4481,9.4908,
EELR,Summer,Fatmucket,,ER-FM-10,Mussel Tissue,Mussel Tissue,none,,,,,,,,,,,,,,,Tray 6b and 7a,0.405,1209,6.1824,-113.7722,6624,26.4894,11.1234,
EELR,Fall,Fatmucket,,ERFM-03,Mussel Tissue,Mussel Tissue,none,,,Tray 1a,0.927,0.0163,12.4588,8.6472,0.2544,-30.3503,35.2715,0.0081,-2.1607,1.3474,,,,,5.22,-99.63,0.254,28.72,9.69,
EELR,Fall,Fatmucket,,ERFM-04,Mussel Tissue,Mussel Tissue,none,,,Tray 1a,0.977,0.0098,13.3205,4.9285,0.1845,-30.1593,24.276,0.0077,1.5582,1.2043,,,,,5.07,-109.86,0.185,27.55,11.59,
EELR,Fall,Fatmucket,,ERFM-07,Mussel Tissue,Mussel Tissue,none,,,Tray 1a,0.922,0.0145,12.2338,7.7193,0.2413,-30.5896,33.6422,0.0083,-2.3234,1.3775,,,,,5.08,-104.81,0.241,26.91,8.45,
EELR,Fall,Fatmucket,,ERFM-09,Mussel Tissue,Mussel Tissue,none,,,Tray 1a,1.045,0.0125,12.2035,5.8687,0.2478,-30.5046,30.4836,0.0085,-2.1164,1.2497,,,,,4.55,-76.62,0.248,26.45,9.49,
EELR,Fall,Fatmucket,,ERFM-10,Mussel Tissue,Mussel Tissue,none,,,Tray 1a,1.041,0.0133,12.5511,6.2703,0.2299,-29.6217,28.3909,0.008,-3.57,1.1861,,,,,6.18,-113.77,0.23,26.49,11.12,
EELR,Summer,Plain Pocketbook,,ER-PP-09-SP,Mussel Tissue,Mussel Tissue,none,from FA CSV,,,,,11.4036,6.567,,-30.6332,32.8788,,,,,,,,5.16,-107.73,3396,32.32,17.09,
EELR,Summer,Plain Pocketbook,,ER-PP-07-SP,Mussel Tissue,Mussel Tissue,none,from FA CSV,,,,,11.3213,9.8772,,-31.3899,42.2379,,,,,,,,6.29,-113.42,3060,32.79,14.51,
EELR,Summer,Plain Pocketbook,,ER-PP-01-SP,Mussel Tissue,Mussel Tissue,none,from FA CSV,,,,,11.7736,9.1336,,-30.9626,38.3615,,,,,,,,6.25,-109.74,3215,32.08,12.74,
EELR,Summer,Plain Pocketbook,,ER-PP-08-SP,Mussel Tissue,Mussel Tissue,none,from FA CSV,,,,,10.9544,4.4813,,-31.6497,26.171,,,,,,,,5.19,-103.94,3012,29.1,11.94,
EELR,Summer,Plain Pocketbook,,ER-PP-03-SP,Mussel Tissue,Mussel Tissue,none,from FA CSV,,,,,11.6893,10.1895,,-31.289,41.0243,,,,,,,,6.35,-110.24,3152,32.97,13.49,
EELR,Summer,Plain Pocketbook,,ER-PP-02-SP,Mussel Tissue,Mussel Tissue,none,from FA CSV,,,,,11.7405,11.4362,,-31.0625,42.666,,,,,,,,5.88,-111.8,3340,31.74,14.76,
EELR,Summer,Plain Pocketbook,,ER-PP-06-SP,Mussel Tissue,Mussel Tissue,none,from FA CSV,,,,,11.9343,9.2266,,-30.8091,36.8715,,-10,0.85,,,,,5.17,-110.3,3918,28.12,11.44,
EELR,Summer,Plain Pocketbook,,ER-PP-04-SP,Mussel Tissue,Mussel Tissue,none,from FA CSV,,,,,11.799,9.8293,,-30.8238,36.442,,-9.84,0.71,,,,,4.76,-100.62,3320,27.36,10.27,
EELR,Summer,Plain Pocketbook,,ER-PP-05-SP,Mussel Tissue,Mussel Tissue,none,from FA CSV,,,,,11.5376,9.1356,,-31.384,38.3092,,-10.79,0.89,,,,,5.72,-110.05,3862,32.11,13.32,
EELR,Summer,Plain Pocketbook,,ER-PP-02,Mussel Tissue,Mussel Tissue,none,,,,,,,,,,,,,,,Tray 6b and 7a,0.381,780,4.3311,-98.6606,6420,27.8279,9.9134,
EELR,Summer,Plain Pocketbook,,ER-PP-05,Mussel Tissue,Mussel Tissue,none,,,,,,,,,,,,,,,Tray 6b and 7a,0.396,670,3.579,-58.4586,5890,24.5038,9.6726,
EELR,Summer,Plain Pocketbook,,ER-PP-06,Mussel Tissue,Mussel Tissue,none,,,,,,,,,,,,,,,Tray 6b and 7a,0.429,880,4.3232,-99.3211,7054,27.5013,14.708,
EELR,Summer,Plain Pocketbook,,ER-PP-08,Mussel Tissue,Mussel Tissue,none,,,,,,,,,,,,,,,Tray 6b and 7a,0.504,1361,5.6044,-117.0083,8801,28.9221,10.1414,
EELR,Summer,Plain Pocketbook,,ER-PP-09,Mussel Tissue,Mussel Tissue,none,,,,,,,,,,,,,,,Tray 6b and 7a,0.456,1124,5.1373,-107.8813,7704,27.7153,11.0597,
EELR,Fall,Plain Pocketbook,,ERPP-02,Mussel Tissue,Mussel Tissue,none,,,Tray 1a,1.102,0.0104,12.478,4.6233,0.1852,-29.6751,21.6055,0.0081,-1.7188,1.1233,,,,,4.33,-98.66,0.185,27.83,9.91,
EELR,Fall,Plain Pocketbook,,ERPP-04,Mussel Tissue,Mussel Tissue,none,,,Tray 1a,1.16,0.019,12.124,8.0718,0.3204,-29.6376,35.5031,0.0105,-2.2556,1.3922,,,,,,,0.32,,,
EELR,Fall,Plain Pocketbook,,ERPP-05,Mussel Tissue,Mussel Tissue,none,,,Tray 1a,1.195,0.013,13.1332,5.3519,0.2308,-29.634,24.8275,0.0092,-0.9198,1.1879,,,,,3.58,-58.46,0.231,24.5,9.67,
EELR,Fall,Plain Pocketbook,,ERPP-06,Mussel Tissue,Mussel Tissue,none,,,Tray 1a,0.98,0.0141,12.154,7.0894,0.243,-28.9861,31.8743,0.0091,-1.3354,1.4305,,,,,4.32,-99.32,0.243,27.5,14.71,
EELR,Fall,Plain Pocketbook,,ERPP-08,Mussel Tissue,Mussel Tissue,none,,,Tray 1a,1.14,0.0088,12.6244,3.8019,0.1789,-29.0214,20.173,0.0076,-0.4256,1.0269,,,,,5.6,-117.01,0.179,28.92,10.14,
EELR,Summer,Wabash Pigtoe,,ER-PP-10-SP,Mussel Tissue,Mussel Tissue,none,from FA CSV,,,,,11.8026,10.5531,,-31.0625,39.9617,,,,,,,,6.39,-111.95,3037,33.41,13.25,
EELR,Summer,Wabash Pigtoe,,ER-WP-10-SP,Mussel Tissue,Mussel Tissue,none,from FA CSV,,,,,11.8046,10.5717,,-30.7724,43.0785,,,,,,,,5.94,-108.91,3441,32.18,14.06,
EELR,Summer,Wabash Pigtoe,,ER-WP-09-SP,Mussel Tissue,Mussel Tissue,none,from FA CSV,,,,,11.3603,7.7989,,-31.2626,36.1479,,-10,0.77,,,,,4.69,-112.11,3335,27.27,16.22,
EELR,Summer,Wabash Pigtoe,,ER-WP-07-SP,Mussel Tissue,Mussel Tissue,none,from FA CSV,,,,,10.8875,7.2559,,-31.8463,40.8725,,-10.13,0.98,,,,,6.98,-105.9,5036,39.03,14.08,
EELR,Summer,Wabash Pigtoe,,ER-WP-02-SP,Mussel Tissue,Mussel Tissue,none,from FA CSV,,,,,11.3233,11.4454,,-30.8209,44.6221,,-9.09,0.85,,,,,6.17,-107.08,3166,29.22,18.07,
EELR,Summer,Wabash Pigtoe,,ER-WP-06-SP,Mussel Tissue,Mussel Tissue,none,from FA CSV,,,,,11.4955,9.1833,,-30.5016,36.9854,,-9.59,0.94,,,,,4.88,-108.3,2808,26.54,14.2,
EELR,Summer,Wabash Pigtoe,,ER-WP-01-SP,Mussel Tissue,Mussel Tissue,none,from FA CSV,,,,,10.9446,6.165,,-30.9874,29.933,,-9.28,0.75,,,,,4.36,-110.56,3103,26.89,14.43,
EELR,Summer,Wabash Pigtoe,,ER-WP-04-SP,Mussel Tissue,Mussel Tissue,none,from FA CSV,,,,,10.9957,6.8716,,-31.6661,33.6373,,-9.75,1.12,,,,,5.19,-107.5,3061,29.81,15.74,
EELR,Summer,Wabash Pigtoe,,ER-WP-08-SP,Mussel Tissue,Mussel Tissue,none,from FA CSV,,,,,10.4027,7.5559,,-31.5564,39.3239,,-10.16,0.59,,,,,5.57,-110.61,3701,32.21,20.75,
EELR,Summer,Wabash Pigtoe,,ER-WP-05-SP,Mussel Tissue,Mussel Tissue,none,from FA CSV,,,,,11.757,9.6627,,-30.0442,40.3085,,-9.85,0.8,,,,,4.32,-98.93,2724,27.61,17.95,
EELR,Summer,Wabash Pigtoe,,ER-WP-03-SP,Mussel Tissue,Mussel Tissue,none,from FA CSV,,,,,10.4298,8.2756,,-31.4134,39.0729,,-9.99,0.62,,,,,3.48,-105.98,2553,22.88,12.6,
EELR,Summer,Wabash Pigtoe,,ER-WP-02,Mussel Tissue,Mussel Tissue,none,,,,,,,,,,,,,,,Tray 6b and 7a,0.371,1026,5.7731,-104.7761,6583,29.3362,13.2212,
EELR,Summer,Wabash Pigtoe,,ER-WP-03,Mussel Tissue,Mussel Tissue,none,,,,,,,,,,,,,,,Tray 6b and 7a,0.357,823,4.8298,-89.4458,5501,25.2574,8.7653,
EELR,Summer,Wabash Pigtoe,,ER-WP-04,Mussel Tissue,Mussel Tissue,none,,,,,,,,,,,,,,,Tray 6b and 7a,0.458,1097,4.991,-102.9573,7463,26.6488,10.5659,
EELR,Summer,Wabash Pigtoe,,ER-WP-05,Mussel Tissue,Mussel Tissue,none,,,,,,,,,,,,,,,Tray 6b and 7a,0.439,1303,6.1594,-126.016,7615,28.3282,10.7782,
EELR,Summer,Wabash Pigtoe,,ER-WP-06,Mussel Tissue,Mussel Tissue,none,,,,,,,,,,,,,,,Tray 6b and 7a,0.419,1267,6.2845,-103.9688,7479,28.9083,12.5087,
EELR,Fall,Wabash Pigtoe,,ERWP-02,Mussel Tissue,Mussel Tissue,none,,,Tray 1a,0.936,0.0066,13.5541,3.4576,0.1378,-30.201,18.9196,0.0079,2.1921,1.304,,,,,5.77,-104.78,0.138,29.34,13.22,
EELR,Fall,Wabash Pigtoe,,ERWP-03,Mussel Tissue,Mussel Tissue,none,,,Tray 1a,0.983,0.0178,13.3369,8.9215,0.3271,-30.1891,42.7674,0.0105,-1.4081,1.6409,,,,,4.83,-89.45,0.327,25.26,8.77,
EELR,Fall,Wabash Pigtoe,,ERWP-04,Mussel Tissue,Mussel Tissue,none,,,Tray 1a,1.138,0.0084,13.6202,3.6372,0.1626,-29.6739,18.3625,0.0084,1.7395,1.1333,,,,,4.99,-102.96,0.163,26.65,10.57,
EELR,Fall,Wabash Pigtoe,,ERWP-05,Mussel Tissue,Mussel Tissue,none,,,Tray 1a,1.086,0.0177,13.0678,8.0277,0.3183,-30.4118,37.6771,0.0101,-0.4064,1.4335,,,,,6.16,-126.02,0.318,28.33,10.78,
EELR,Fall,Wabash Pigtoe,,ERWP-06,Mussel Tissue,Mussel Tissue,none,,,Tray 1a,1.07,0.0129,14.6243,5.9094,0.2955,-30.9844,35.5013,0.008,-0.9116,1.1486,,,,,6.28,-103.97,0.296,28.91,12.51,
EELR,Summer,,,BER-S01,Biofilm,Biofilm,acid-fumed,,,"Tray 8b, Tray 13",20.7,0.0385,9.3806,1.0332,1.9219,,10.7561,0.0232,-6.4131,0.1757,,,,,,,,,,"CNS: sample too big, no C data"
EELR,Summer,,,BER-S02,Biofilm,Biofilm,none,,,Trays 14 and 16,9.8,0.0357,9.8286,1.9765,1.2583,-26.0925,16.088,0.0229,-2.4521,0.3459,,,,,,,,,,
EELR,Summer,,,BER-S03,Biofilm,Biofilm,none,no chemistry,,,,,,,,,,,,,,,,,,,,,,
EELR,,,,GER-F01,POM,POM,none,,,Tray 5,66.566,0.0012,7.2306,0.0125,0.0546,-24.498,0.2026,0.0024,-4.9637,0.0101,,,,,,,,,,
EELR,,,,GER-F01,POM,POM,acid-fumed,,,Tray 8a,67.625,0.0031,4.6163,0.025,0.0968,-31.3798,0.1796,0.0052,-3.0979,0.0121,,,,,,,,,,
EELR,,,,GER-F02,POM,POM,none,no chemistry,,,,,,,,,,,,,,,,,,,,,,
EELR,,,,GER-S01,POM,POM,none,,,Tray 5,67.099,0.0014,6.2489,0.015,0.0491,-26.0623,0.1628,,,,,,,,,,,,,"CNS: bad peak shape, no S data"
EELR,,,,GER-S01,POM,POM,acid-fumed,2 CNS reps,,Tray 8a,59.392,0.0029,2.9751,0.0266,0.0928,-31.9629,0.1961,0.0049,4.8444,0.0131,,,,,,,,,,
EELR,,,,GER-S01,POM,POM,acid-fumed,2 CNS reps,,Tray 8a,,0.0037,4.7955,,0.1299,-30.2826,,,,,,,,,,,,,,"CNS: leaky capsule, bad peak shape, no S data"
EELR,Fall,,,LER-F01,Leaf Litter,Leaf Litter,none,2 CNS reps,,"Tray 18, 10, 11",3.042,0.0045,2.967,1.016,0.5084,-27.5108,41.3022,0.0018,-3.1452,0.1614,,"Tray 3, 19, 20",0.372,1537,6.4514,-50.0681,3633,43.8987,24.9925,
EELR,Fall,,,LER-F01,Leaf Litter,Leaf Litter,none,2 CNS reps / HO not found,,"Tray 18, 10, 11",3.179,0.005,2.8923,1.0653,0.625,-27.2811,48.5846,0.0018,-4.2854,0.1528,,,,,,,,,,
EELR,Fall,,,LER-F01,Leaf Litter,Leaf Litter,acid-fumed,no chemistry,,,,,,,,,,,,,,,,,,,,,,
EELR,Fall,,,SER-F,Sediment,Sediment,none,,,Tray 17,46.327,0.0017,3.7806,0.0287,0.2997,-4.4577,1.4682,,,,,"Tray 3, 19, 20",0.378,117,0.4319,283.9592,800,10.3833,19.9028,HO: consider rerunning at 1.5-2mg
EELR,Fall,,,SER-F,Sediment,Sediment,acid-fumed,,,Trays 14 and 16,7.395,0.0014,5.9428,0.0259,0.1266,-8.9632,2.1456,0.0017,-25.7562,0.0344,,,,,,,,,,CNS: Tray 16
EELR,Summer,,,SER-S,Sediment,Sediment,none,,,Tray 17,48.322,0.0006,-5.1313,0.0087,0.3357,0.3478,1.577,,,,,"Tray 3, 19, 20",0.842,,,,709,3.8449,21.563,HO: consider rerunning at 1.5-2mg
EELR,Summer,,,SER-S,Sediment,Sediment,acid-fumed,,,Trays 14 and 16,7.227,0.0003,7.7613,0.0063,0.1606,-2.4039,2.7846,0.0009,5.7578,0.0192,,,,,,,,,,CNS: Tray 16
FISH,,,Boxelder Maple,FC Box Elder,Riparian Vegetation,Riparian Vegetation,none,,,,,,,,,,,,,,,"Tray 3, 19, 20",0.404,7692,5.9368,-104.997,3846,42.334,23.6907,
FISH,,,Boxelder Maple,FC Boxelder,Riparian Vegetation,Riparian Vegetation,none,,,"Tray 18, 10, 11",3.497,0.0111,4.2533,2.1784,0.7623,-28.8648,53.8681,0.0028,-9.5332,0.2251,,,,,,,,,,
FISH,,,Corn Leaf,FC Corn Leaves,Corn,Riparian Vegetation,none,,,"Tray 18, 10, 11",3.633,0.018,2.5491,3.3813,0.0278,-11.6123,1.8892,0.0035,0.1202,0.2686,,"Tray 3, 19, 20",0.414,8379,6.3108,-78.121,4057,43.9255,29.0288,
FISH,,,Grass,FC Grass,Riparian Vegetation,Riparian Vegetation,none,,,"Tray 18, 10, 11",3.336,0.0207,6.9641,4.2467,0.6433,-27.9199,47.6571,0.0055,-10.3379,0.4554,,,,,,,,,,
FISH,,,Grass,FC Grasses,Riparian Vegetation,Riparian Vegetation,none,,,,,,,,,,,,,,,"Tray 3, 19, 20",0.429,6350,4.6154,-87.4594,3149,32.6743,22.3394,"HO: well empty, filled from extra sample from well B5"
FISH,,,Grass,FC Grasses-1,Riparian Vegetation,Riparian Vegetation,none,no chemistry,,,,,,,,,,,,,,,,,,,,,,
FISH,,,Hawthorn,FC Hawthorn,Riparian Vegetation,Riparian Vegetation,none,,,"Tray 18, 10, 11",3.545,0.0093,3.7005,1.7924,0.6613,-29.993,46.0994,0.0025,-7.4115,0.1925,,"Tray 3, 19, 20",0.333,7415,6.9432,-117.5935,3253,43.6906,27.4106,"HO: 3 capsules in well, see notes for above sample and RC Soybean"
FISH,,,Hawthorn,FC Hawthorn-1,Riparian Vegetation,Riparian Vegetation,none,no chemistry,,,,,,,,,,,,,,,,,,,,,,
FISH,,,Hickory,FC Carya spp.,Riparian Vegetation,Riparian Vegetation,none,,,,,,,,,,,,,,,"Tray 3, 19, 20",0.35,6664,5.9369,-98.5901,3298,42.1839,24.1918,
FISH,,,Hickory,FC Carya spp. Unk. 3,Riparian Vegetation,Riparian Vegetation,none,,,"Tray 18, 10, 11",3.883,0.0126,4.4457,2.2138,0.0149,-27.3176,0.9473,0.0038,-8.3602,0.2712,,,,,,,,,,
FISH,,,Soybean Leaf,FC Soybean,Soy,Riparian Vegetation,none,,,"Tray 18, 10, 11",4.008,0.0289,0.4274,4.9351,0.6913,-27.257,42.6247,0.0046,3.4504,0.3162,,"Tray 3, 19, 20",0.364,6875,5.8893,-122.6565,3152,38.899,25.7756,
FISH,Summer,Asian Clam,,FC-AC-01,Mussel Tissue,Mussel Tissue,none,,,,,,11.56927627,7.936322601,,-31.42611677,46.33666941,,-11.65,0.5,,Tray 7b,0.443,1118,5.9285,-66.4913,8022,31.9479,14.7885,
FISH,Summer,Asian Clam,,FC-AC-03,Mussel Tissue,Mussel Tissue,none,,,,,,,,,,,,,,,Tray 7b,0.501,1305,6.0192,-96.3385,8873,31.4406,14.8257,
FISH,Summer,Asian Clam,,FC-AC-06,Mussel Tissue,Mussel Tissue,none,,,,,,,,,,,,,,,Tray 7b,0.403,1085,6.2512,-87.3497,6427,27.7995,13.9215,
FISH,Summer,Asian Clam,,FC-AC-09,Mussel Tissue,Mussel Tissue,none,,,,,,,,,,,,,,,Tray 7b,0.51,1336,6.0338,-87.2294,8943,30.8537,13.9389,
FISH,Fall,Asian Clam,,FCAC-01,Mussel Tissue,Mussel Tissue,none,,,Tray 1b,0.928,0,11.5464,0,0.2932,-31.2363,41.7433,0.0036,-9.5548,0.6232,,,,,5.93,-66.49,0.293,31.95,14.79,
FISH,Fall,Asian Clam,,FCAC-03,Mussel Tissue,Mussel Tissue,none,,,Tray 1b,1.005,0.0101,11.3212,6.6643,0.2935,-30.7667,38.5834,0.0037,-9.8185,0.5832,,,,,6.02,-96.34,0.293,31.44,14.83,
FISH,Fall,Asian Clam,,FCAC-06,Mussel Tissue,Mussel Tissue,none,,,Tray 1b,0.935,0.0095,11.5812,6.7168,0.3066,-31.1549,43.3186,0.0033,-9.6749,0.5667,,,,,6.25,-87.35,0.307,27.8,13.92,
FISH,Fall,Asian Clam,,FCAC-09,Mussel Tissue,Mussel Tissue,none,,,Tray 1b,0.926,0.0091,11.2637,6.5467,0.2666,-30.7675,38.0448,0.0032,-9.6617,0.5469,,,,,6.03,-87.23,0.267,30.85,13.94,
FISH,Summer,Asian Clam,,FC-AC-10,Mussel Tissue,Mussel Tissue,none,from FA CSV,,,,,11.6626,7.9211,,-31.4173,45.8857,,-11.44,0.51,,,,,6.3,-105.43,4338,32.16,16.48,
FISH,Summer,Fatmucket,,FC-FM-07,Mussel Tissue,Mussel Tissue,none,from FA CSV,,,,,12.1656,5.0759,,-31.6308,35.1899,,-10.23,0.89,,,,,5.3,-91.44,3948,31.45,15.03,
FISH,Summer,Fatmucket,,FC-FM-06,Mussel Tissue,Mussel Tissue,none,from FA CSV,,,,,12.3349,6.6351,,-31.4408,35.8055,,-9.56,0.83,,,,,5.18,-94.69,3852,29.92,13.5,
FISH,Summer,Fatmucket,,FC-FM-08,Mussel Tissue,Mussel Tissue,none,from FA CSV,,,,,12.0655,7.1077,,-30.9913,33.4387,,-9.93,0.87,,,,,4.53,-94.53,3999,28.67,13.86,
FISH,Summer,Fatmucket,,FC-FM-10,Mussel Tissue,Mussel Tissue,none,from FA CSV,,,,,12.0725,7.4303,,-31.1392,36.4127,,-10.32,0.91,,,,,5.67,-91.44,3976,32.12,14.36,
FISH,Summer,Fatmucket,,FC-FM-01,Mussel Tissue,Mussel Tissue,none,,,,,,11.77199848,8.817541836,,-31.18228279,40.25919417,,-10.23,0.8,,Tray 7b,0.435,1157,6.1931,-97.6624,6433,25.8886,11.9076,
FISH,Summer,Fatmucket,,FC-FM-02,Mussel Tissue,Mussel Tissue,none,,,,,,11.8841835,9.612682964,,-31.0177443,39.7833767,,-10.32,1.06,,Tray 7b,0.468,1220,6.0494,-94.9068,7003,26.1455,11.9147,
FISH,Summer,Fatmucket,,FC-FM-04,Mussel Tissue,Mussel Tissue,none,,,,,,11.93927435,7.347505034,,-31.03537342,36.10196295,,-10.25,0.93,,Tray 7b,0.384,1017,6.1615,-99.0135,5615,25.4478,11.4484,
FISH,Summer,Fatmucket,,FC-FM-05,Mussel Tissue,Mussel Tissue,none,,,,,,,,,,,,,,,Tray 7b,0.463,1199,5.9992,-82.6649,6587,24.7998,8.3919,
FISH,Summer,Fatmucket,,FC-FM-09,Mussel Tissue,Mussel Tissue,none,,,,,,12.08150893,7.39346083,,-31.12841602,35.98947193,,-10.22,0.7,,Tray 7b,0.445,1100,5.789,-78.0806,6905,27.7496,11.6633,
FISH,Fall,Fatmucket,,FCFM-01,Mussel Tissue,Mussel Tissue,none,,,Tray 1b,1.138,0.01,11.9991,5.8436,0.2838,-31.5831,32.954,0.0034,-7.6982,0.4727,,,,,6.19,-97.66,0.284,25.89,11.91,
FISH,Fall,Fatmucket,,FCFM-02,Mussel Tissue,Mussel Tissue,none,,,Tray 1b,1.23,0.0127,12.0134,6.8497,0.2755,-30.4665,29.594,0.004,-8.6933,0.5166,,,,,6.05,-94.91,0.276,26.15,11.91,
FISH,Fall,Fatmucket,,FCFM-04,Mussel Tissue,Mussel Tissue,none,,,Tray 1b,0.943,0.0109,11.9466,7.6955,0.2458,-30.4092,34.4429,0.0035,-9.0369,0.5901,,,,,6.16,-99.01,0.246,25.45,11.45,
FISH,Fall,Fatmucket,,FCFM-05,Mussel Tissue,Mussel Tissue,none,,,Tray 1b,0.914,0.0184,12.9593,13.3591,0.3005,-30.1977,43.4405,0.0045,-9.7705,0.7872,,,,,6,-82.66,0.301,24.8,8.39,
FISH,Fall,Fatmucket,,FCFM-09,Mussel Tissue,Mussel Tissue,none,,,Tray 1b,0.929,0.0081,12.0609,5.8071,0.2049,-30.4146,29.1398,0.0026,-8.7275,0.4524,,,,,5.79,-78.08,0.205,27.75,11.66,
FISH,Summer,Plain Pocketbook,,FC-PP-01 1/2,Mussel Tissue,Mussel Tissue,none,from FA CSV,,,,,12.5136,8.7502,,-29.3168,30.4601,,-9.74,0.6,,,,,5.54,-87.22,3107,30.05,8.91,
FISH,Summer,Plain Pocketbook,,FC-PP-01,Mussel Tissue,Mussel Tissue,none,,,,,,,,,,,,,,,Tray 7b,0.493,1129,5.3414,-112.5395,8613,31.1455,21.0231,
FISH,Summer,Plain Pocketbook,,FC-PP-02,Mussel Tissue,Mussel Tissue,none,,,,,,,,,,,,,,,Tray 7b,0.466,1113,5.5424,-97.9961,6817,26.2668,10.6287,
FISH,Fall,Plain Pocketbook,,FCPP-01,Mussel Tissue,Mussel Tissue,none,,,Tray 1b,1.047,0.0092,12.0606,5.8522,0.2072,-29.9451,26.1454,0.0036,-7.466,0.5544,,,,,5.34,-112.54,0.207,31.15,21.02,
FISH,Fall,Plain Pocketbook,,FCPP-02,Mussel Tissue,Mussel Tissue,none,,,Tray 1b,0.94,0.0098,12.4177,6.8927,0.2149,-29.7692,30.2042,0.0037,-8.5561,0.625,,,,,5.54,-98,0.215,26.27,10.63,
FISH,Summer,Wabash Pigtoe,,FC-WP-10,Mussel Tissue,Mussel Tissue,none,from FA CSV,,,,,12.4472,7.0974,,-29.9782,29.1743,,-10.52,0.74,,,,,5.1,-96.39,,,,
FISH,Summer,Wabash Pigtoe,,FC-WP-04,Mussel Tissue,Mussel Tissue,none,from FA CSV,,,,,12.7893,9.4468,,-30.3047,40.0088,,-10.62,0.6,,,,,5.73,-92.54,,,,
FISH,Summer,Wabash Pigtoe,,FC-WP-01,Mussel Tissue,Mussel Tissue,none,from FA CSV,,,,,12.6137,11.0056,,-30.2449,44.0353,,,,,,,,5.58,-79.68,,,,
FISH,Summer,Wabash Pigtoe,,FC-WP-02,Mussel Tissue,Mussel Tissue,none,from FA CSV,,,,,12.3227,6.2776,,-29.9753,28.8569,,-10.15,0.52,,,,,4.52,-95.77,3107,27.11,11.8,
FISH,Summer,Wabash Pigtoe,,FC-WP-03,Mussel Tissue,Mussel Tissue,none,from FA CSV,,,,,12.3619,6.4285,,-30.2057,32.2878,,-10.46,0.48,,,,,4.49,-98.76,3791,26.71,11.28,
FISH,Summer,Wabash Pigtoe,,FC-WP-05,Mussel Tissue,Mussel Tissue,none,,,,,,12.03078937,8.198652468,,-30.37329107,39.21051267,,-10.64,0.51,,Tray 7b,0.49,770,3.7043,-76.7319,6847,25.0623,9.2392,
FISH,Summer,Wabash Pigtoe,,FC-WP-06,Mussel Tissue,Mussel Tissue,none,,,,,,12.38294393,5.60047811,,-29.65768328,25.27467211,,-10.26,0.68,,Tray 7b,0.41,1012,5.7945,-93.1177,6613,28.7716,11.069,
FISH,Summer,Wabash Pigtoe,,FC-WP-07,Mussel Tissue,Mussel Tissue,none,,,,,,12.06891436,8.687999748,,-30.76344435,42.83797705,,-9.93,0.52,,Tray 7b,0.48,1298,6.2928,-96.0705,7527,28.0631,13.501,
FISH,Summer,Wabash Pigtoe,,FC-WP-08,Mussel Tissue,Mussel Tissue,none,,,,,,12.44113471,10.82133678,,-30.22036666,44.49656685,,-10.61,0.68,,Tray 7b,0.498,1069,5.0169,-88.0433,7447,26.7386,10.2304,
FISH,Summer,Wabash Pigtoe,,FC-WP-09,Mussel Tissue,Mussel Tissue,none,,,,,,12.63677613,7.03531101,,-29.95765038,29.56364372,,-10.32,0.56,,Tray 7b,0.419,622,3.517,-86.3336,5487,23.4421,9.1444,
FISH,Fall,Wabash Pigtoe,,FCWP-05,Mussel Tissue,Mussel Tissue,none,,,Tray 1b,1.14,0.0048,12.0804,2.7983,0.144,-29.0497,16.6923,0.0034,-8.5398,0.4784,,,,,3.7,-76.73,0.144,25.06,9.24,
FISH,Fall,Wabash Pigtoe,,FCWP-06,Mussel Tissue,Mussel Tissue,none,,,Tray 1b,1.232,0.0048,11.657,2.5929,0.1439,-28.4456,15.4276,0.0033,-8.6035,0.4287,,,,,5.79,-93.12,0.144,28.77,11.07,
FISH,Fall,Wabash Pigtoe,,FCWP-07,Mussel Tissue,Mussel Tissue,none,,,Tray 1b,1.23,0.0063,12.1874,3.3941,0.1686,-29.5607,18.1107,0.0037,-9.131,0.4779,,,,,6.29,-96.07,0.169,28.06,13.5,
FISH,Fall,Wabash Pigtoe,,FCWP-08,Mussel Tissue,Mussel Tissue,none,,,Tray 1b,1.135,0.0058,12.4152,3.4006,0.1597,-29.0039,18.5923,0.0033,-8.8549,0.4633,,,,,5.02,-88.04,0.16,26.74,10.23,
FISH,Fall,Wabash Pigtoe,,FCWP-09,Mussel Tissue,Mussel Tissue,none,,,Tray 1b,0.948,0.011,11.0774,7.7039,0.2345,-30.2089,32.6768,0.0041,-9.1455,0.6952,,,,,3.52,-86.33,0.234,23.44,9.14,
FISH,Fall,,,BFC-F01,Biofilm,Biofilm,acid-fumed,,,"Tray 8b, Tray 13",7.7,0.0161,11.9881,1.1582,0.6685,-25.4435,10.0581,0.0115,-4.0176,0.2339,,,,,,,,,,
FISH,Fall,,,BFC-F02,Biofilm,Biofilm,none,,,Trays 14 and 16,2.9,0.01,9.8056,1.8639,0.4376,-23.3693,18.9068,0.0043,-1.3231,0.2175,,,,,,,,,,
FISH,Fall,,,BFC-F03,Biofilm,Biofilm,none,no chemistry,,,,,,,,,,,,,,,,,,,,,,
FISH,,,,GFC-F01,POM,POM,none,,,Tray 5,72.563,0.0045,7.5131,0.042,0.1699,-24.167,0.5786,0.0083,-9.2111,0.0317,,,,,,,,,,
FISH,,,,GFC-F01,POM,POM,acid-fumed,,,Tray 8a,67.754,0.0059,6.3884,0.0479,0.2308,-29.2549,0.4274,0.0088,-5.4613,0.0205,,,,,,,,,,
FISH,,,,GFC-F03,POM,POM,none,no chemistry,,,,,,,,,,,,,,,,,,,,,,
FISH,Summer,,,LFC-S01,Leaf Litter,Leaf Litter,none,2 CNS reps,,"Tray 18, 10, 11",3.246,0.0055,4.8204,1.1626,0.4321,-28.4421,32.8951,0.0048,-4.5891,0.4072,,"Tray 3, 19, 20",0.368,1160,4.8799,-55.7201,3113,39.7478,19.3136,
FISH,Summer,,,LFC-S01,Leaf Litter,Leaf Litter,none,2 CNS reps / HO not found,,"Tray 18, 10, 11",3.253,0.0059,5.098,1.2447,0.4883,-28.3064,37.093,0.0058,-5.3372,0.4936,,,,,,,,,,
FISH,Summer,,,LFC-S01,Leaf Litter,Leaf Litter,acid-fumed,no chemistry,,,,,,,,,,,,,,,,,,,,,,
FISH,Fall,,,SFC-F,Sediment,Sediment,none,,,Tray 17,40.831,0,8.0885,0,1.3918,-22.6697,7.7376,,,,,"Tray 3, 19, 20",0.378,1027,4.6321,-40.3102,1007,12.8092,14.2995,HO: consider rerunning at 1.5-2mg
FISH,Fall,,,SFC-F,Sediment,Sediment,acid-fumed,,,Trays 14 and 16,7.46,0.0187,6.4781,0.3448,0.4093,-24.0436,6.8741,0.0116,-12.8445,0.2293,,,,,,,,,,CNS: Tray 16
LAUG,,,Corn Leaf,LC Corn Leaf,Corn,Riparian Vegetation,none,,,"Tray 18, 10, 11",3.758,0.0109,3.1178,2.0059,0.8124,-12.5806,46.2068,0.0031,3.6058,0.2727,,"Tray 3, 19, 20",0.338,1705,7.1294,-87.3491,3617,44.7314,21.619,
LAUG,,,Goldenrod,LC Goldenrods,Riparian Vegetation,Riparian Vegetation,none,,,"Tray 18, 10, 11",3.854,0.0114,1.6163,2.0372,0.9113,-28.0802,50.5421,0.0018,0.4387,0.153,,"Tray 3, 19, 20",0.454,1866,5.8233,-91.0119,4069,38.3192,22.5788,"HO: well empty, filled from loose sample"
LAUG,,,Goldenrod,LC Goldenrods-1,Riparian Vegetation,Riparian Vegetation,none,no chemistry,,,,,,,,,,,,,,,,,,,,,,
LAUG,,,Grass,LC Grasses,Riparian Vegetation,Riparian Vegetation,none,,,"Tray 18, 10, 11",3.609,0.0161,5.8285,3.0823,0.7865,-30.3769,46.5786,0.0045,1.7256,0.403,,"Tray 3, 19, 20",0.444,,,,,,,"HO: stuck in autosampler, rerun if possible"
LAUG,,,Silver Maple,LC Silver Maple,Riparian Vegetation,Riparian Vegetation,none,,,"Tray 18, 10, 11",3.617,0.0084,6.6671,1.5988,0.8616,-30.2518,50.9145,0.0013,-0.0624,0.1132,,"Tray 3, 19, 20",0.384,1603,5.9005,-90.7338,3643,39.5413,24.3572,
LAUG,,,Soybean Leaf,LC Soybean,Soy,Riparian Vegetation,none,,,"Tray 18, 10, 11",3.429,0.0275,2.8321,5.533,0.7446,-27.8001,46.4133,0.0036,3.5169,0.3423,,"Tray 3, 19, 20",0.417,1897,6.4263,-110.0269,3830,38.3482,20.1241,
LAUG,,,Sycamore,LC A. Sycamore,Riparian Vegetation,Riparian Vegetation,none,,,"Tray 18, 10, 11",3.101,0.0102,6.0985,2.2785,0.7434,-29.226,51.2403,0.0018,2.3922,0.1904,,"Tray 3, 19, 20",0.363,1549,6.001,-94.9579,3444,39.5686,19.5731,
LAUG,,,Water Willow,LC Water Willow,Riparian Vegetation,Riparian Vegetation,none,,,"Tray 18, 10, 11",4.169,0.0252,12.8973,4.1823,0.7929,-26.9924,40.6504,0.0055,2.3185,0.43,,"Tray 3, 19, 20",0.443,,,,,,,"HO: stuck in autosampler, rerun if possible"
LAUG,Summer,Asian Clam,,LC-AC-01,Mussel Tissue,Mussel Tissue,none,,,,,,,,,,,,,,,Tray 7b,0.445,1155,5.7844,-51.0521,6169,23.9178,13.6606,
LAUG,Summer,Asian Clam,,LC-AC-04,Mussel Tissue,Mussel Tissue,none,,,,,,9.542631806,7.149975162,,-32.5789315,47.27510792,,-0.98,0.45,,Tray 6b and 7a,0.487,1392,5.9689,-98.3052,8570,28.353,15.594,
LAUG,Summer,Asian Clam,,LC-AC-07,Mussel Tissue,Mussel Tissue,none,,,,,,9.62690811,7.562745074,,-32.55736524,46.80880896,,-0.99,0.46,,Tray 6b and 7a,0.463,1439,6.4905,-110.8872,7807,27.0271,16.5593,
LAUG,Summer,Asian Clam,,LCAC-01,Mussel Tissue,Mussel Tissue,none,,,Tray 2,1.18,0.0174,9.2365,8.0693,0.378,-29.9382,41.4875,0.0049,0.6295,0.6356,,,,,,,,,,
LAUG,Summer,Asian Clam,,LCAC-04,Mussel Tissue,Mussel Tissue,none,,,Tray 2,0.961,0.0139,8.3553,7.9046,0.2829,-29.268,38.1344,0.0037,0.5647,0.5827,,,,,6.45,-116.17,4145,32.38,18.92,
LAUG,Summer,Asian Clam,,LCAC-07,Mussel Tissue,Mussel Tissue,none,,,Tray 2,0.938,0.0134,8.8113,7.8439,0.3083,-29.3774,42.5784,0.0039,0.4517,0.6346,,,,,6.39,-115.79,4477,32.82,18.81,
LAUG,fall,Asian Clam,,LCAC01,Mussel Tissue,Mussel Tissue,none,from FA CSV,,,,,9.24,8.07,,-29.94,41.49,,0.63,0.64,,,,,5.78,-51.05,0.378,23.92,13.66,
LAUG,fall,Asian Clam,,LCAC04,Mussel Tissue,Mussel Tissue,none,from FA CSV,,,,,8.36,7.9,,-29.27,38.13,,0.56,0.58,,,,,5.97,-98.31,0.283,28.35,15.59,
LAUG,fall,Asian Clam,,LCAC07,Mussel Tissue,Mussel Tissue,none,from FA CSV,,,,,8.81,7.84,,-29.38,42.58,,0.45,0.63,,,,,6.49,-110.89,0.308,27.03,16.56,
LAUG,Summer,Asian Clam,,LC-AC-06,Mussel Tissue,Mussel Tissue,none,from FA CSV,,,,,9.4915,6.3702,,-32.8162,46.0599,,-1.38,0.38,,,,,6.33,-115.46,4263,33.09,19.48,
LAUG,Summer,Fatmucket,,LC-FM-06,Mussel Tissue,Mussel Tissue,none,from FA CSV,,,,,9.7463,7.4913,,-32.1358,42.6207,,-0.3,0.42,,,,,6.33,-107.32,,,,
LAUG,Summer,Fatmucket,,LC-FM-07,Mussel Tissue,Mussel Tissue,none,from FA CSV,,,,,10.3122,6.5088,,-32.3917,43.9376,,-0.05,0.31,,,,,6.06,-104.54,,,,
LAUG,Summer,Fatmucket,,LC-FM-03,Mussel Tissue,Mussel Tissue,none,from FA CSV,,,,,9.9771,6.8625,,-32.1064,37.0707,,-0.31,0.48,,,,,5.91,-108.54,,,,
LAUG,Summer,Fatmucket,,LC-FM-04,Mussel Tissue,Mussel Tissue,none,from FA CSV,,,,,10.3713,9.5189,,-31.3595,42.8541,,-0.01,0.45,,,,,5.98,-105.68,,,,
LAUG,Summer,Fatmucket,,LC-FM-10,Mussel Tissue,Mussel Tissue,none,from FA CSV,,,,,11.1549,10.2416,,-30.6497,39.2846,,0.09,0.47,,,,,5.21,-114.87,,,,
LAUG,Summer,Fatmucket,,LC-FM-01,Mussel Tissue,Mussel Tissue,none,,,,,,10.08039489,6.737450181,,-31.3918068,33.36195698,,0.36,0.47,,Tray 7b,0.44,1211,6.1632,-104.8261,6949,27.381,13.7784,
LAUG,Summer,Fatmucket,,LC-FM-02,Mussel Tissue,Mussel Tissue,none,,,,,,10.05631595,8.062002682,,-31.90057453,40.10132617,,0.55,0.43,,Tray 7b,0.414,1174,6.3508,-97.8956,6453,26.8641,13.9317,
LAUG,Summer,Fatmucket,,LC-FM-05,Mussel Tissue,Mussel Tissue,none,,,,,,10.18373369,7.745717233,,-31.75255155,40.11328628,,-0.07,0.44,,Tray 7b,0.408,1075,5.9565,-98.7939,6457,27.4431,13.2402,
LAUG,Summer,Fatmucket,,LC-FM-08,Mussel Tissue,Mussel Tissue,none,,,,,,9.987088983,8.540298572,,-31.80352635,45.66816426,,0.05,0.41,,Tray 7b,0.429,1165,6.0679,-92.8398,6818,27.4742,14.7846,
LAUG,Summer,Fatmucket,,LC-FM-09,Mussel Tissue,Mussel Tissue,none,,,,,,9.603832455,9.317933072,,-31.81528977,44.40648315,,-0.02,0.32,,Tray 7b,0.512,1440,6.2629,-103.6375,7839,26.4868,13.2496,
LAUG,Fall,Fatmucket,,LCFM-01,Mussel Tissue,Mussel Tissue,none,,,Tray 2,0.943,0.0196,9.7791,11.3612,1.0587,-30.5608,145.4183,0.0026,1.48,0.4153,,,,,6.16,-104.83,1.059,27.38,13.78,
LAUG,Fall,Fatmucket,,LCFM-02,Mussel Tissue,Mussel Tissue,none,,,Tray 2,0.922,0.0115,8.3782,6.8464,0.2842,-29.6977,39.9257,0.0031,1.0176,0.5233,,,,,6.35,-97.9,0.284,26.86,13.93,
LAUG,Fall,Fatmucket,,LCFM-05,Mussel Tissue,Mussel Tissue,none,,,Tray 2,0.982,0.0113,9.5462,6.2884,0.2343,-28.9411,30.898,0.0036,1.1881,0.5636,,,,,5.96,-98.79,0.234,27.44,13.24,
LAUG,Fall,Fatmucket,,LCFM-08,Mussel Tissue,Mussel Tissue,none,,,Tray 2,1.089,0.0138,9.4014,6.9533,0.3014,-29.2681,35.8491,0.0037,1.0033,0.5179,,,,,6.07,-92.84,0.301,27.47,14.78,
LAUG,Fall,Fatmucket,,LCFM-09,Mussel Tissue,Mussel Tissue,none,,,Tray 2,0.95,0.0153,9.2217,8.8349,0.2867,-28.3883,39.0862,0.0042,1.2141,0.6803,,,,,6.26,-103.64,0.287,26.49,13.25,
LAUG,Summer,Plain Pocketbook,,LC-PP-02,Mussel Tissue,Mussel Tissue,none,,,,,,,,,,,,,,,Tray 7b,0.489,1300,5.9662,-105.444,7839,28.0197,14.5988,
LAUG,Summer,Plain Pocketbook,,LC-PP-07,Mussel Tissue,Mussel Tissue,none,,,,,,,,,,,,,,,Tray 7b,0.408,1034,5.6896,-104.738,5994,25.7496,11.6681,
LAUG,Summer,Plain Pocketbook,,LC-PP-08,Mussel Tissue,Mussel Tissue,none,,,,,,,,,,,,,,,Tray 7b,0.423,858,4.5747,-90.6537,6181,25.6769,10.0676,
LAUG,Summer,Plain Pocketbook,,LC-PP-09,Mussel Tissue,Mussel Tissue,none,,,,,,,,,,,,,,,Tray 7b,0.505,1395,6.2226,-107.4166,7302,25.0358,12.434,
LAUG,Summer,Plain Pocketbook,,LC-PP-10,Mussel Tissue,Mussel Tissue,none,,,,,,,,,,,,,,,Tray 7b,0.3374,1018,6.7864,-100.6859,5680,29.0328,13.3437,
LAUG,Fall,Plain Pocketbook,,LCPP-02,Mussel Tissue,Mussel Tissue,none,,,Tray 2,0.982,0.0121,9.7024,6.7599,0.2872,-29.329,37.8853,0.0037,1.1569,0.5778,,,,,5.97,-105.44,0.287,28.02,14.6,
LAUG,Fall,Plain Pocketbook,,LCPP-07,Mussel Tissue,Mussel Tissue,none,,,Tray 2,1.154,0.0101,10.4698,4.7725,0.2243,-29.7259,25.1809,0.0044,1.5824,0.5886,,,,,5.69,-104.74,0.224,25.75,11.67,
LAUG,Fall,Plain Pocketbook,,LCPP-08,Mussel Tissue,Mussel Tissue,none,,,Tray 2,0.932,0.0134,10.1596,7.8587,0.2654,-30.0206,36.8872,0.0035,1.5243,0.5708,,,,,4.57,-90.65,0.265,25.68,10.07,
LAUG,Fall,Plain Pocketbook,,LCPP-09,Mussel Tissue,Mussel Tissue,none,,,Tray 2,1.167,0.0169,10.0006,7.9482,0.3095,-30.0986,34.3488,0.0044,1.1939,0.5728,,,,,6.22,-107.42,0.309,25.04,12.43,
LAUG,Fall,Plain Pocketbook,,LCPP-10,Mussel Tissue,Mussel Tissue,none,,,Tray 2,0.94,0.0105,10.1013,6.1273,0.2259,-29.2415,31.1311,0.0032,1.7861,0.5276,,,,,6.79,-100.69,0.226,29.03,13.34,
LAUG,Summer,Wabash Pigtoe,,LC-WP-08,Mussel Tissue,Mussel Tissue,none,from FA CSV,,,,,9.046,8.2854,,-31.3212,42.6029,,,,,,,,6.26,-108.87,4990,34.76,16.64,
LAUG,Summer,Wabash Pigtoe,,LC-WP-04,Mussel Tissue,Mussel Tissue,none,from FA CSV,,,,,9.5,7.125,,-31.5647,42.9382,,-0.02,0.31,,,,,6.14,-114.88,4082,32.7,18.11,
LAUG,Summer,Wabash Pigtoe,,LC-WP-07,Mussel Tissue,Mussel Tissue,none,from FA CSV,,,,,9.2878,8.3793,,-31.2516,42.2987,,0.08,0.32,,,,,5.88,-115.89,4450,30.35,16.09,
LAUG,Summer,Wabash Pigtoe,,LC-WP-09,Mussel Tissue,Mussel Tissue,none,from FA CSV,,,,,9.5386,6.6573,,-30.9291,32.766,,0.45,0.34,,,,,5.97,-114.31,4315,29.94,14.88,
LAUG,Summer,Wabash Pigtoe,,LC-WP-06,Mussel Tissue,Mussel Tissue,none,from FA CSV,,,,,9.5838,7.2171,,-31.531,43.262,,-0.06,0.3,,,,,5.17,-115.99,3665,28.85,18.39,
LAUG,Summer,Wabash Pigtoe,,LC-WP-03,Mussel Tissue,Mussel Tissue,none,from FA CSV,,,,,9.8757,5.6335,,-30.983,31.5172,,0.38,0.6,,,,,5.85,-111.35,3883,30.03,15.94,
LAUG,Summer,Wabash Pigtoe,,LC-WP-05,Mussel Tissue,Mussel Tissue,none,from FA CSV,,,,,9.6325,7.8398,,-31.2655,39.377,,-0.15,0.41,,,,,5.97,-110,3803,30.71,16.92,
LAUG,Summer,Wabash Pigtoe,,LC-WP-02,Mussel Tissue,Mussel Tissue,none,from FA CSV,,,,,9.7965,8.2155,,-30.7644,37.7133,,0.14,0.48,,,,,5.39,-107.22,3899,31.03,15.06,
LAUG,Summer,Wabash Pigtoe,,LC-WP-01,Mussel Tissue,Mussel Tissue,none,,,,,,10.23590474,8.410387177,,-30.6262045,39.91120524,,0.27,0.42,,Tray 7b,0.415,1167,6.3435,-99.9105,6866,28.8392,13.5223,
LAUG,Fall,Wabash Pigtoe,,LCWP-01,Mussel Tissue,Mussel Tissue,none,,,Tray 2,0.99,0.0121,9.7822,6.707,0.2456,-29.6182,32.1329,0.005,1.4737,0.7729,,,,,6.34,-99.91,0.246,28.84,13.52,
LAUG,Summer,,,BLC-S01,Biofilm,Biofilm,acid-fumed,,,"Tray 8b, Tray 13",9.8,0.0165,7.6646,0.9316,0.9732,-23.7911,11.5044,0.0228,5.5567,0.3638,,,,,,,,,,
LAUG,Summer,,,BLC-S02,Biofilm,Biofilm,none,,,Trays 14 and 16,10.9,0.0177,9.6132,0.8795,1.3276,-19.5641,15.2609,0.0132,3.8764,0.1791,,,,,,,,,,
LAUG,Summer,,,BLC-S03,Biofilm,Biofilm,none,no chemistry,,,,,,,,,,,,,,,,,,,,,,
LAUG,,,,GLC-F01,POM,POM,none,,,Tray 5,80.709,0.0032,5.9337,0.0274,0.1304,-26.3986,0.3992,0,2.8453,0,,,,,,,,,,
LAUG,,,,GLC-F01,POM,POM,acid-fumed,,,"Tray 8b, Tray 13",59.606,0.0044,5.3753,0.0412,0.1804,-28.8104,0.3506,0.0043,5.523,0.0113,,,,,,,,,,
LAUG,,,,GLC-F03,POM,POM,none,no chemistry,,,,,,,,,,,,,,,,,,,,,,
LAUG,,,,GLC-S01,POM,POM,none,,,Tray 5,64.926,0.0022,5.8049,0.0248,0.0666,-13.7138,0.2282,,,,,,,,,,,,,"CNS: bad peak shape, no S data"
LAUG,,,,GLC-S01,POM,POM,acid-fumed,,,Tray 8a,69.171,0.004,2.9105,0.0321,0.1444,-33.0642,0.262,,,,,,,,,,,,,"CNS: bad peak shape, no S data"
LAUG,,,,GLC-S03,POM,POM,none,no chemistry,,,,,,,,,,,,,,,,,,,,,,
LAUG,Fall,,,LLC-F01,Leaf Litter,Leaf Litter,none,2 CNS reps,,"Tray 18, 10, 11",2.872,0.0032,1.7172,0.7542,0.4915,-28.0699,42.2873,0.0015,0.6369,0.1428,,"Tray 3, 19, 20",0.32,1239,6.0139,-78.7327,3034,43.0577,24.4805,
LAUG,Fall,,,LLC-F01,Leaf Litter,Leaf Litter,none,2 CNS reps / HO not found,,"Tray 18, 10, 11",3.103,0.0034,2.0465,0.7392,0.6408,-27.668,51.0368,0.0016,-1.2856,0.1464,,,,,,,,,,
LAUG,Fall,,,LLC-F01,Leaf Litter,Leaf Litter,acid-fumed,no chemistry,,,,,,,,,,,,,,,,,,,,,,
LAUG,Fall,,,SLC-F,Sediment,Sediment,none,,,Tray 17,46.189,0.0025,6.2724,0.0371,0.6518,-4.1525,3.4872,,,,,"Tray 3, 19, 20",0.342,133,0.6406,266.6414,711,9.4823,20.8219,HO: consider rerunning at 1.5-2mg
LAUG,Fall,,,SLC-F,Sediment,Sediment,acid-fumed,,,Trays 14 and 16,7.052,0.0019,4.9025,0.0363,0.224,-6.205,3.9795,0.0024,5.7201,0.0495,,,,,,,,,,CNS: Tray 16
LAUG,Summer,,,SLC-S,Sediment,Sediment,none,,,Tray 17,45.349,0.0012,0.2791,0.0206,0.2968,-3.6033,1.4854,,,,,"Tray 3, 19, 20",0.44,434,1.66,52.1997,1013,10.9496,19.9859,HO: consider rerunning at 1.5-2mg
LAUG,Summer,,,SLC-S,Sediment,Sediment,acid-fumed,,,Trays 14 and 16,7.189,0.0005,6.3878,0.0092,0.1751,-3.4759,3.0514,0.0075,36.9582,0.1542,,,,,,,,,,CNS: Tray 16
MISS,,,Corn Leaf,MR Corn Leaves,Corn,Riparian Vegetation,none,,,"Tray 18, 10, 11",3.298,0.0111,2.576,2.3073,0.6265,-12.4805,46.9476,0.0034,0.4837,0.2872,,"Tray 3, 19, 20",0.353,6590,5.8211,-77.9791,3309,43.7856,30.5916,
MISS,,,Grass,MR Grasses,Riparian Vegetation,Riparian Vegetation,none,,,"Tray 18, 10, 11",3.045,0.0113,7.6623,2.5395,0.6249,-26.4174,50.7112,0.0031,-19.3478,0.2801,,"Tray 3, 19, 20",0.348,6638,5.9477,-114.2375,3267,44.2569,24.3554,
MISS,,,Hackberry,MR Common Hackberry,Riparian Vegetation,Riparian Vegetation,none,,,"Tray 18, 10, 11",3.393,0.0092,4.8651,1.8472,0.625,-29.2233,45.5223,0.0015,-6.9015,0.1194,,"Tray 3, 19, 20",0.355,5947,5.2235,-77.9665,3345,42.7917,23.5136,
MISS,,,Silver Maple,MR Silver Maple,Riparian Vegetation,Riparian Vegetation,none,,,"Tray 18, 10, 11",3.664,0.0121,3.7469,2.2645,0.0821,-31.1194,5.5341,0.0024,-9.9025,0.1787,,"Tray 3, 19, 20",0.327,6432,6.1332,-94.753,3071,41.7019,26.4084,
MISS,,,Soybean Leaf,MR Soybean,Soy,Riparian Vegetation,none,,,"Tray 18, 10, 11",4.031,0.0302,-0.1915,5.1241,0.7479,-26.2729,45.8534,0.0053,-1.2638,0.3632,,"Tray 3, 19, 20",0.411,8556,6.4911,-115.1669,3589,38.5415,24.9488,
MISS,,,Sycamore,MR A. Sycamore,Riparian Vegetation,Riparian Vegetation,none,,,,,,,,,,,,,,,"Tray 3, 19, 20",0.467,8906,5.9464,-105.7519,4217,40.4963,20.9696,
MISS,,,Sycamore,MR American Sycamore,Riparian Vegetation,Riparian Vegetation,none,,,"Tray 18, 10, 11",3.375,0.0139,3.5741,2.8267,0.6647,-29.5078,48.67,0.005,-10.1362,0.4095,,,,,,,,,,
MISS,,,Water Willow,MR Water Willow,Riparian Vegetation,Riparian Vegetation,none,,,"Tray 18, 10, 11",3.698,0.029,14.3434,5.3623,0.7525,-27.9655,50.2882,0.0071,-7.3584,0.5322,,"Tray 3, 19, 20",0.378,7246,5.9772,-105.2344,3288,38.547,19.4353,
MISS,Summer,Asian Clam,,MR-AC-01,Mussel Tissue,Mussel Tissue,none,,,,,,,,,,,,,,,Tray 6b and 7a,0.411,1252,6.3125,-111.7922,6942,27.0031,13.103,
MISS,Summer,Asian Clam,,MR-AC-04,Mussel Tissue,Mussel Tissue,none,,,,,,,,,,,,,,,Tray 6b and 7a,0.421,1247,6.1538,-120.6992,7015,26.6374,11.9909,
MISS,Summer,Asian Clam,,MR-AC-07,Mussel Tissue,Mussel Tissue,none,,,,,,,,,,,,,,,Tray 6b and 7a,0.498,1659,6.8567,-125.4778,8144,26.253,12.4339,
MISS,Fall,Asian Clam,,MRAC-01,Mussel Tissue,Mussel Tissue,none,,,Tray 2,1.257,0.0195,11.1837,8.5096,0,-29.0217,0,0.0056,-8.481,0.6793,,,,,6.31,-111.79,0,27,13.1,
MISS,Fall,Asian Clam,,MRAC-04,Mussel Tissue,Mussel Tissue,none,,,Tray 2,1.148,0.0154,11.1939,7.3603,0.3356,-29.2167,37.8665,0.0044,-8.6065,0.5871,,,,,6.15,-120.7,0.336,26.64,11.99,
MISS,Fall,Asian Clam,,MRAC-07,Mussel Tissue,Mussel Tissue,none,,,Tray 2,0.959,0.017,12.2539,9.7074,0.3246,-28.6636,43.838,0.0044,-8.4887,0.7013,,,,,6.86,-125.48,0.325,26.25,12.43,
MISS,Summer,Asian Clam,,MR-AC-02,Mussel Tissue,Mussel Tissue,none,from FA CSV,,,,,11.4497,7.4739,,-30.098,44.8822,,-9.2,0.43,,,,,,,,,,
MISS,Summer,Asian Clam,,MR-AC-05,Mussel Tissue,Mussel Tissue,none,from FA CSV,,,,,11.6352,8.4116,,-29.9804,45.0901,,-9.34,0.44,,,,,14.55,-118.57,6496,67.26,17.09,
MISS,Summer,Asian Clam,,MR-AC-10,Mussel Tissue,Mussel Tissue,none,from FA CSV,,,,,11.9099,7.9164,,-30.1264,46.8181,,-8.02,0.45,,,,,6.89,-119.4,3542,33.27,18.27,
MISS,Summer,Asian Clam,,MR-AC-09,Mussel Tissue,Mussel Tissue,none,from FA CSV,,,,,11.6191,7.6491,,-30.3019,44.7688,,-9.24,0.42,,,,,6.95,-119.66,,,,
MISS,Summer,Asian Clam,,MR-AC-08,Mussel Tissue,Mussel Tissue,none,from FA CSV,,,,,11.8798,8.0575,,-30.0088,43.4457,,-9.29,0.4,,,,,6.97,-125.78,3561,33.32,19.73,
MISS,Summer,Fatmucket,,MR-FM-01,Mussel Tissue,Mussel Tissue,none,,,,,,11.79601966,8.069211939,,-29.45574465,38.66291657,,-8.24,0.48,,Tray 6b and 7a,0.475,1360,5.9469,-116.0658,7960,26.8874,10.445,
MISS,Summer,Fatmucket,,MR-FM-03,Mussel Tissue,Mussel Tissue,none,,,,,,,,,,,,,,,Tray 6b and 7a,0.432,979,4.7516,-96.7282,7119,26.5972,8.7007,
MISS,Summer,Fatmucket,,MR-FM-05,Mussel Tissue,Mussel Tissue,none,,,,,,,,,,,,,,,Tray 6b and 7a,0.406,1146,5.8611,-111.0152,6824,26.9176,9.4991,
MISS,Summer,Fatmucket,,MR-FM-09,Mussel Tissue,Mussel Tissue,none,,,,,,,,,,,,,,,Tray 6b and 7a,0.436,1265,6.0304,-106.5661,7471,27.3743,11.8257,
MISS,Summer,Fatmucket,,MR-FM-10,Mussel Tissue,Mussel Tissue,none,,,,,,,,,,,,,,,Tray 6b and 7a,0.425,955,4.7023,-94.6921,7088,26.8877,9.8876,
MISS,Fall,Fatmucket,,MRFM-01,Mussel Tissue,Mussel Tissue,none,,,Tray 2,1.181,0.0162,12.5166,7.5298,0.2925,-28.3253,32.0832,0.0043,-7.4238,0.5554,,,,,5.95,-116.07,0.293,26.89,10.45,
MISS,Fall,Fatmucket,,MRFM-03,Mussel Tissue,Mussel Tissue,none,,,Tray 2,0.953,0.0099,12.2796,5.7057,0.1909,-27.9094,25.9519,0.0034,-7.2623,0.545,,,,,4.75,-96.73,0.191,26.6,8.7,
MISS,Fall,Fatmucket,,MRFM-05,Mussel Tissue,Mussel Tissue,none,,,Tray 2,1.083,0.014,11.9072,7.0767,0.269,-28.7007,32.1736,0.0041,-7.426,0.587,,,,,5.86,-111.02,0.269,26.92,9.5,
MISS,Fall,Fatmucket,,MRFM-09,Mussel Tissue,Mussel Tissue,none,,,Tray 2,0.944,0.0117,10.1849,6.7922,0.2474,-28.0238,33.9451,0.0036,-7.6534,0.5881,,,,,6.03,-106.57,0.247,27.37,11.83,
MISS,Fall,Fatmucket,,MRFM-10,Mussel Tissue,Mussel Tissue,none,,,Tray 2,1.224,0.0151,12.2512,6.7517,0.2836,-27.7665,30.0085,0.0045,-6.8369,0.5578,,,,,4.7,-94.69,0.284,26.89,9.89,
MISS,Summer,Plain Pocketbook,,MR-PP-07,Mussel Tissue,Mussel Tissue,none,from FA CSV,,,,,12.9419,9.8748,,-28.7926,39.0926,,-6.5,7.04,,,,,5.34,-113.29,3747,28.42,13.28,
MISS,Summer,Plain Pocketbook,,MR-PP-06,Mussel Tissue,Mussel Tissue,none,from FA CSV,,,,,12.367,9.2869,,-29.3489,41.8885,,-8.49,0.77,,,,,5.6,-110.76,3855,34.56,18.68,
MISS,Summer,Plain Pocketbook,,MR-PP-09,Mussel Tissue,Mussel Tissue,none,from FA CSV,,,,,12.5142,8.6664,,-29.3557,40.3055,,-8.56,0.94,,,,,6.69,-112.52,4780,35.9,15.86,
MISS,Summer,Plain Pocketbook,,MR-PP-05,Mussel Tissue,Mussel Tissue,none,from FA CSV,,,,,12.0364,10.554,,-28.8435,41.4709,,-8.33,1.06,,,,,6.63,-112.71,3873,34.72,13.56,
MISS,Summer,Plain Pocketbook,,MR-PP-01,Mussel Tissue,Mussel Tissue,none,,,,,,11.9883553,7.195520085,,-29.86107785,34.53576833,,-8.76,0.86,,Tray 6b and 7a,0.372,927,5.2218,-104.812,6225,26.9207,9.8082,
MISS,Summer,Plain Pocketbook,,MR-PP-03,Mussel Tissue,Mussel Tissue,none,,,,,,12.4781631,9.517104402,,-29.09910791,40.33648721,,-7.81,1.12,,Tray 6b and 7a,0.481,1352,5.8439,-124.1756,8886,29.9104,15.5497,
MISS,Summer,Plain Pocketbook,,MR-PP-04,Mussel Tissue,Mussel Tissue,none,,,,,,12.40704581,10.38324685,,-29.28029613,40.96460535,,-8.23,1.16,,Tray 6b and 7a,0.42,1197,5.9278,-102.6983,7344,27.9972,9.6061,
MISS,Summer,Plain Pocketbook,,MR-PP-08,Mussel Tissue,Mussel Tissue,none,,,,,,12.16564769,9.764296451,,-29.09225213,41.65772383,,-6.3,5.64,,Tray 6b and 7a,0.489,1091,4.6712,-97.5901,8024,26.4884,7.3044,
MISS,Summer,Plain Pocketbook,,MR-PP-10,Mussel Tissue,Mussel Tissue,none,,,,,,12.65144889,12.16432205,,-28.75925756,43.07168655,,-8.06,1.28,,Tray 6b and 7a,0.471,1277,5.6446,-113.6427,7942,27.082,9.3689,
MISS,Fall,Plain Pocketbook,,MRPP-01,Mussel Tissue,Mussel Tissue,none,,,Tray 2,0.969,0.0147,11.9275,8.3215,0.2636,-28.7357,35.2396,0.0045,-7.3089,0.7093,,,,,5.22,-104.81,0.264,26.92,9.81,
MISS,Fall,Plain Pocketbook,,MRPP-03,Mussel Tissue,Mussel Tissue,none,,,Tray 2,0.962,0.0104,11.8401,5.9447,0.2244,-28.481,30.2155,0.0035,-7.1871,0.5564,,,,,5.84,-124.18,0.224,29.91,15.55,
MISS,Fall,Plain Pocketbook,,MRPP-04,Mussel Tissue,Mussel Tissue,none,,,Tray 2,1.178,0.0133,12.6443,6.1737,0.2499,-28.2129,27.4783,0.0042,-7.1915,0.549,,,,,5.93,-102.7,0.25,28,9.61,
MISS,Fall,Plain Pocketbook,,MRPP-08,Mussel Tissue,Mussel Tissue,none,,,Tray 2,1.066,0.0095,12.2878,4.897,0.1881,-28.206,22.86,0.0036,-7.1528,0.5126,,,,,4.67,-97.59,0.188,26.49,7.3,
MISS,Fall,Plain Pocketbook,,MRPP-10,Mussel Tissue,Mussel Tissue,none,,,Tray 2,1.058,0.0122,12.4379,6.2895,0.235,-28.2592,28.7716,0.0042,-7.2004,0.6026,,,,,5.64,-113.64,0.235,27.08,9.37,
MISS,Summer,Wabash Pigtoe,,MR-WP-07,Mussel Tissue,Mussel Tissue,none,from FA CSV,,,,,12.5836,11.0377,,-28.8999,41.6227,,-7.84,5.44,,,,,5.47,-115.52,4082,29.87,11.73,
MISS,Summer,Wabash Pigtoe,,MR-WP-06,Mussel Tissue,Mussel Tissue,none,from FA CSV,,,,,12.2666,7.0941,,-29.7871,38.6354,,-8.28,6,,,,,5.73,-109.15,4715,32.02,15.02,
MISS,Summer,Wabash Pigtoe,,MR-WP-05,Mussel Tissue,Mussel Tissue,none,from FA CSV,,,,,12.1542,10.8217,,-29.3881,44.5113,,-8.59,5.93,,,,,5.54,-111.62,4248,29.59,13.23,
MISS,Summer,Wabash Pigtoe,,MR-WP-09,Mussel Tissue,Mussel Tissue,none,from FA CSV,,,,,12.082,7.8599,,-29.8283,45.1975,,-8.09,6.48,,,,,5.63,-102.33,3620,31.28,13.66,
MISS,Summer,Wabash Pigtoe,,MR-WP-10,Mussel Tissue,Mussel Tissue,none,from FA CSV,,,,,12.4221,9.0812,,-29.4901,44.019,,-8.34,5.08,,,,,6,-108.85,4700,34.34,16.07,
MISS,Summer,Wabash Pigtoe,,MR-WP-01,Mussel Tissue,Mussel Tissue,none,,,,,,12.10804265,9.523860723,,-29.38810501,42.16344087,,-8.31,5.52,,Tray 6b and 7a,3.51,1049,0.621,-108.0942,5687,2.5943,11.379,
MISS,Summer,Wabash Pigtoe,,MR-WP-02,Mussel Tissue,Mussel Tissue,none,,,,,,12.51236825,11.63398991,,-29.33614992,45.52256814,,-8.56,5.06,,Tray 6b and 7a,0.391,1092,5.818,-110.5519,6961,28.7991,12.5936,
MISS,Summer,Wabash Pigtoe,,MR-WP-03,Mussel Tissue,Mussel Tissue,none,,,,,,11.83113479,6.54096434,,-29.44496152,34.01676449,,-8.13,4.9,,Tray 6b and 7a,0.407,1228,6.255,-115.4471,6792,26.8263,12.6379,
MISS,Summer,Wabash Pigtoe,,MR-WP-04,Mussel Tissue,Mussel Tissue,none,,,,,,12.69797678,11.66245962,,-29.15773812,44.08804509,,-8.32,4.83,,Tray 6b and 7a,0.468,1404,6.2047,-113.3405,7429,25.5051,11.4695,
MISS,Summer,Wabash Pigtoe,,MR-WP-08,Mussel Tissue,Mussel Tissue,none,,,,,,11.46493418,7.448818014,,-29.56455624,40.48857247,,-8.36,4.49,,Tray 6b and 7a,0.484,1464,6.2409,-112.2844,7960,26.4357,11.6568,
MISS,Fall,Wabash Pigtoe,,MRWP-01,Mussel Tissue,Mussel Tissue,none,,,Tray 2,1.018,0.0103,12.2942,5.5168,0.2255,-28.1563,28.6973,0.0039,-7.324,0.5806,,,,,0.62,-108.09,0.226,2.59,11.38,
MISS,Fall,Wabash Pigtoe,,MRWP-02,Mussel Tissue,Mussel Tissue,none,,,Tray 2,1.092,0.0124,11.8394,6.215,0.2759,-28.709,32.7291,0.0044,-7.4857,0.6124,,,,,5.82,-110.55,0.276,28.8,12.59,
MISS,Fall,Wabash Pigtoe,,MRWP-03,Mussel Tissue,Mussel Tissue,none,,,Tray 2,1.119,0.0124,12.3642,6.0726,0.2375,-28.3128,27.4946,0.0057,-6.9984,0.7793,,,,,6.25,-115.45,0.238,26.83,12.64,
MISS,Fall,Wabash Pigtoe,,MRWP-04,Mussel Tissue,Mussel Tissue,none,,,Tray 2,0.948,0.0125,12.0309,7.2076,0.2449,-28.3957,33.4581,0.0051,-7.0516,0.8313,,,,,6.2,-113.34,0.245,25.51,11.47,
MISS,Fall,Wabash Pigtoe,,MRWP-08,Mussel Tissue,Mussel Tissue,none,,,Tray 2,1.035,0.0134,11.9568,7.0875,0.2623,-28.1164,32.8267,0.0053,-7.271,0.7919,,,,,6.24,-112.28,0.262,26.44,11.66,
MISS,Summer,,,BMR-S01,Biofilm,Biofilm,acid-fumed,2 CNS reps,,"Tray 8b, Tray 13",11,0.023,9.0062,1.1619,1.2289,-21.704,12.9428,0.0049,-2.4104,0.0692,,,,,,,,,,
MISS,Summer,,,BMR-S01,Biofilm,Biofilm,acid-fumed,2 CNS reps,,"Tray 8b, Tray 13",12.2,0.0254,8.1985,1.1576,0.947,-24.0441,8.9922,0.0052,-1.2726,0.0662,,,,,,,,,,
MISS,Summer,,,BMR-S02,Biofilm,Biofilm,none,,,Trays 14 and 16,3.2,0.0197,8.6472,3.3485,0.7755,-24.0348,30.3661,0.0078,-2.636,0.3603,,,,,,,,,,
MISS,Summer,,,BMR-S03,Biofilm,Biofilm,none,no chemistry,,,,,,,,,,,,,,,,,,,,,,
MISS,Summer,,,BMR-S04,Biofilm,Biofilm,none,no chemistry,,,,,,,,,,,,,,,,,,,,,,
MISS,,,,GMR-F01,POM,POM,none,,,Tray 5,74.598,0.0065,7.8978,0.0626,0.1902,-22.8458,0.567,0.0079,-3.7969,0.0299,,,,,,,,,,
MISS,,,,GMR-F01,POM,POM,acid-fumed,,,"Tray 8b, Tray 13",68.219,0.0076,7.3375,0.0618,0.2662,-28.1495,0.452,0.0098,-3.7704,0.0225,,,,,,,,,,
MISS,,,,GMR-F02,POM,POM,none,no chemistry,,,,,,,,,,,,,,,,,,,,,,
MISS,,,,GMR-S01,POM,POM,none,,,Tray 5,69.638,0.0021,7.2617,0.0214,0.0575,-25.0136,0.1838,,,,,,,,,,,,,"CNS: bad peak shape, no S data"
MISS,,,,GMR-S01,POM,POM,acid-fumed,,,Tray 8a,60.992,0.0036,7.0239,0.0321,0.1069,-29.6974,0.2199,0.0036,-0.4156,0.0093,,,,,,,,,,
MISS,,,,GMR-S02,POM,POM,none,no chemistry,,,,,,,,,,,,,,,,,,,,,,
MISS,Fall,,,LMR-F01,Leaf Litter,Leaf Litter,none,2 CNS reps,,"Tray 18, 10, 11",3.192,0.0055,5.5914,1.184,0.5902,-28.5864,45.6944,0.0031,-7.8476,0.2722,,"Tray 3, 19, 20",0.358,6781,30.5853,-85.2664,3542,43.718,22.4199,
MISS,Fall,,,LMR-F01,Leaf Litter,Leaf Litter,none,2 CNS reps / HO not found,,"Tray 18, 10, 11",3.099,0.0056,5.6836,1.2265,0.5995,-28.6595,47.808,0.0032,-9.3905,0.2841,,,,,,,,,,
MISS,Fall,,,LMR-F01,Leaf Litter,Leaf Litter,acid-fumed,no chemistry,,,,,,,,,,,,,,,,,,,,,,
MISS,Summer,,,LMR-S01,Leaf Litter,Leaf Litter,none,2 CNS reps,,"Tray 18, 10, 11",3.06,0.0077,3.7645,1.7273,0.5096,-28.6342,41.1574,0.0041,-11.4352,0.3706,,"Tray 3, 19, 20",0.403,1355,5.2221,-47.5121,3198,37.8165,23.3474,
MISS,Summer,,,LMR-S01,Leaf Litter,Leaf Litter,none,2 CNS reps / HO not found,,"Tray 18, 10, 11",2.93,0.008,3.9677,1.8771,0.4636,-28.4162,39.1036,0.0039,-11.9175,0.3711,,,,,,,,,,
MISS,Summer,,,LMR-S01,Leaf Litter,Leaf Litter,acid-fumed,no chemistry,,,,,,,,,,,,,,,,,,,,,,
MISS,Fall,,,SMR-F,Sediment,Sediment,none,,,Tray 17,47.006,0.0044,4.6376,0.0716,0.8559,-4.1256,4.1331,,,,,"Tray 3, 19, 20",0.561,68,0.1625,648.9533,1908,16.208,25.8679,HO: consider rerunning at 1.5-2mg
MISS,Fall,,,SMR-F,Sediment,Sediment,acid-fumed,,,Trays 14 and 16,7.416,0.0015,4.6871,0.0276,0.2079,-5.2673,3.5133,0.0013,-4.9857,0.0265,,,,,,,,,,CNS: Tray 16
MISS,Summer,,,SMR-S,Sediment,Sediment,none,,,Tray 17,45.873,0.0012,-0.395,0.0197,0.4381,-1.3524,2.1679,,,,,"Tray 3, 19, 20",0.603,,,,563,4.3553,26.2624,HO: consider rerunning at 1.5-2mg
MISS,Summer,,,SMR-S,Sediment,Sediment,acid-fumed,,,Trays 14 and 16,7.269,0.0015,8.1604,0.0284,0.1495,-5.0717,2.5773,0.0027,-3.8327,0.0549,,,,,,,,,,CNS: Tray 16
MUDC,,,Corn Leaf,MC Corn,Corn,Riparian Vegetation,none,,,"Tray 18, 10, 11",3.891,0.0182,4.7232,3.2402,0.8287,-12.7609,45.5187,0.0032,1.7223,0.2661,,"Tray 3, 19, 20",0.41,1717,5.9014,-72.7057,3741,38.617,25.4599,
MUDC,,,Forb,MC Forbes,Riparian Vegetation,Riparian Vegetation,none,,,"Tray 18, 10, 11",3.142,0.0097,4.55,2.1309,0.5993,-27.2154,40.77,0.0032,0.7569,0.3318,,"Tray 3, 19, 20",0.412,1721,5.8825,-87.7962,3935,40.1941,20.5193,
MUDC,,,Grass,MC Grasses,Riparian Vegetation,Riparian Vegetation,none,,,"Tray 18, 10, 11",3.312,0.0202,5.9324,4.2192,0.7452,-27.196,48.0899,0.0047,-0.8985,0.4665,,"Tray 3, 19, 20",0.446,8990,6.2852,-122.9152,3994,40.9876,28.4547,
MUDC,,,Soybean Leaf,MC Soybean,Soy,Riparian Vegetation,none,,,"Tray 18, 10, 11",3.931,0.0325,-0.7931,5.712,0.9204,-27.0095,50.0457,0.0032,3.1281,0.2685,,"Tray 3, 19, 20",0.42,8612,6.3936,-122.3726,3628,38.7183,25.4071,
MUDC,Summer,Asian Clam,,MC-AC-01,Mussel Tissue,Mussel Tissue,none,,,,,,,,,,,,,,,Tray 6b and 7a,0.476,1624,7.0848,-108.7374,8654,28.9618,12.2253,
MUDC,Summer,Asian Clam,,MC-AC-05,Mussel Tissue,Mussel Tissue,none,,,,,,,,,,,,,,,Tray 6b and 7a,0.388,1097,5.9487,-98.8405,6668,27.4166,13.1215,
MUDC,Fall,Asian Clam,,MCAC-01,Mussel Tissue,Mussel Tissue,none,,,Tray 2,1.016,0.0157,10.0915,8.4489,0.3149,-27.8402,40.1414,0.0044,-5.4478,0.6602,,,,,7.08,-108.74,0.315,28.96,12.23,
MUDC,Fall,Asian Clam,,MCAC-05,Mussel Tissue,Mussel Tissue,none,,,Tray 2,1.258,0.0186,10.4143,8.0866,0.3424,-26.6867,35.2502,0.0055,-4.4942,0.6721,,,,,5.95,-98.84,0.342,27.42,13.12,
MUDC,Fall,Asian Clam,,MCAC-08,Mussel Tissue,Mussel Tissue,none,,,Tray 2,0.5,0.0096,9.2747,10.5044,0.1985,-27.4413,51.4314,0.0026,-4.4384,0.804,,,,,,,0.199,,,
MUDC,Summer,Asian Clam,,MC-AC-02,Mussel Tissue,Mussel Tissue,none,from FA CSV,,,,,7.4909,11.4961,,-26.7119,47.1639,,-5.66,0.63,,,,,6.29,-104.02,,,,
MUDC,Summer,Asian Clam,,MC-AC-07,Mussel Tissue,Mussel Tissue,none,from FA CSV,,,,,6.609,9.7409,,-28.6225,45.8289,,-5.99,0.58,,,,,7.1,-107.78,,,,
MUDC,Summer,Fatmucket,,MC-FM-05,Mussel Tissue,Mussel Tissue,none,from FA CSV,,,,,9.5804,8.7798,,-27.2539,39.5597,,-5.96,0.82,,,,,4.76,-95.29,4320,26.71,16.46,
MUDC,Summer,Fatmucket,,MC-FM-09,Mussel Tissue,Mussel Tissue,none,from FA CSV,,,,,9.4161,5.1139,,-26.3881,23.876,,-5.3,0.75,,,,,4.5,-103.32,3527,27.72,12.61,
MUDC,Summer,Fatmucket,,MC-FM-10,Mussel Tissue,Mussel Tissue,none,from FA CSV,,,,,9.1677,7.5335,,-28.5183,38.422,,-5.5,0.84,,,,,5.64,-93.44,4733,33.98,17.36,
MUDC,Summer,Fatmucket,,MC-FM-06,Mussel Tissue,Mussel Tissue,none,from FA CSV,,,,,7.8736,6.6064,,-29.4948,39.6843,,-5.5,0.82,,,,,6.13,-103.61,4078,34.57,17.21,
MUDC,Summer,Fatmucket,,MC-FM-08,Mussel Tissue,Mussel Tissue,none,from FA CSV,,,,,9.4932,8.5162,,-28.9424,41.4375,,-6.35,0.89,,,,,5.87,-94.55,4142,32.58,15.84,
MUDC,Summer,Fatmucket,,MC-FM-07,Mussel Tissue,Mussel Tissue,none,from FA CSV,,,,,9.1357,4.8315,,-31.7562,40.5827,,-6.79,0.62,,,,,6.24,-89.97,4669,35.79,20.36,
MUDC,Summer,Fatmucket,,MC-FM-01,Mussel Tissue,Mussel Tissue,none,,,,,,9.483223782,7.89858375,,-29.17256259,38.72730476,,-5.97,1.04,,Tray 6b and 7a,0.408,1193,6.1197,-101.5241,7446,29.0341,12.2106,
MUDC,Summer,Fatmucket,,MC-FM-02,Mussel Tissue,Mussel Tissue,none,,,,,,14.38731171,5.872394231,,-28.12069149,24.45914947,,-5.13,0.67,,Tray 6b and 7a,0.406,1155,5.9641,-99.4103,8192,32.0506,13.8524,
MUDC,Summer,Fatmucket,,MC-FM-03,Mussel Tissue,Mussel Tissue,none,,,,,,10.40474357,10.25871121,,-32.05688325,40.21983289,,-5.98,0.86,,Tray 6b and 7a,0.36,1063,6.2202,-111.9563,6399,28.0696,12.6536,
MUDC,Summer,Fatmucket,,MC-FM-04,Mussel Tissue,Mussel Tissue,none,,,,,,8.048858196,7.708906305,,-28.65837979,41.60912574,,-5.65,0.84,,Tray 6b and 7a,0.368,983,5.6377,-95.9699,7503,32.5694,13.4934,
MUDC,Fall,Fatmucket,,MCFM-01,Mussel Tissue,Mussel Tissue,none,,,Tray 1b,1.243,0.0107,10.4525,5.6923,0.305,-30.1633,32.4224,0.0042,-3.3042,0.5396,,,,,6.12,-101.52,0.305,29.03,12.21,
MUDC,Fall,Fatmucket,,MCFM-02,Mussel Tissue,Mussel Tissue,none,,,Tray 1b,0.99,0.0099,9.9954,6.6535,0.2706,-27.8237,36.1077,0.0034,-2.968,0.545,,,,,5.96,-99.41,0.271,32.05,13.85,
MUDC,Fall,Fatmucket,,MCFM-03,Mussel Tissue,Mussel Tissue,none,,,Tray 1b,0.94,0.0104,10.3246,7.3778,0.2505,-30.2991,35.2124,0.0036,-2.9857,0.6073,,,,,6.22,-111.96,0.251,28.07,12.65,
MUDC,Fall,Fatmucket,,MCFM-04,Mussel Tissue,Mussel Tissue,none,,,Tray 1b,0.933,0.0104,9.6386,7.3702,0.2392,-27.9684,33.8765,0.0035,-2.9845,0.5948,,,,,5.64,-95.97,0.239,32.57,13.49,
MUDC,Summer,Plain Pocketbook,,MC-PP-06,Mussel Tissue,Mussel Tissue,none,from FA CSV,,,,,8.4741,6.8149,,-28.7186,36.6059,,-4.8,0.44,,,,,5.39,-89.94,,,,
MUDC,Summer,Plain Pocketbook,,MC-PP-05,Mussel Tissue,Mussel Tissue,none,from FA CSV,,,,,9.2537,8.6723,,-28.4764,39.271,,-5.01,0.51,,,,,5.24,-90.82,,,,
MUDC,Summer,Plain Pocketbook,,MC-PP-07,Mussel Tissue,Mussel Tissue,none,from FA CSV,,,,,8.9948,7.4328,,-28.6794,37.6418,,-5.01,0.48,,,,,5.88,-90.91,,,,
MUDC,Summer,Plain Pocketbook,,MC-PP-10,Mussel Tissue,Mussel Tissue,none,from FA CSV,,,,,8.8684,7.1281,,-28.7793,38.7606,,,,,,,,5.38,-113.33,,,,
MUDC,Summer,Plain Pocketbook,,MC-PP-04,Mussel Tissue,Mussel Tissue,none,from FA CSV,,,,,9.0169,8.8236,,-29.0617,41.2506,,-5.07,0.51,,,,,5.74,-96.37,,,,
MUDC,Summer,Plain Pocketbook,,MC-PP-01,Mussel Tissue,Mussel Tissue,none,,,,,,10.4465955,9.799477847,,-27.32264528,40.06663718,,-6.23,0.62,,Tray 6b and 7a,0.39,883,4.7768,-88.3594,7070,29.0123,12.4302,
MUDC,Summer,Plain Pocketbook,,MC-PP-02,Mussel Tissue,Mussel Tissue,none,,,,,,9.743289674,8.335719977,,-27.33244813,37.25264442,,-5.09,0.47,,Tray 6b and 7a,0.504,1363,5.6468,-94.0388,10000,31.9569,11.6854,
MUDC,Summer,Plain Pocketbook,,MC-PP-03,Mussel Tissue,Mussel Tissue,none,,,,,,10.71246718,6.940181041,,-28.77738768,37.58672334,,-5.87,0.5,,Tray 6b and 7a,0.353,945,5.6362,-87.4184,7020,31.7559,11.702,
MUDC,Summer,Plain Pocketbook,,MC-PP-08,Mussel Tissue,Mussel Tissue,none,,,,,,9.374079196,8.828730023,,-28.84404703,42.11592417,,-4.68,0.44,,Tray 6b and 7a,0.459,1435,6.4968,-94.5899,8849,30.7705,11.8516,
MUDC,Summer,Plain Pocketbook,,MC-PP-09,Mussel Tissue,Mussel Tissue,none,,,,,,9.47541142,8.545347799,,-27.29323674,36.84659619,,-4.86,0.59,,Tray 6b and 7a,0.42,1328,6.5721,-100.1024,8219,31.1972,12.4468,
MUDC,Fall,Plain Pocketbook,,MCPP-01,Mussel Tissue,Mussel Tissue,none,,,Tray 1b,1.182,0.0161,10.1941,9.0395,0.3266,-26.6066,36.5085,0.0049,-3.9627,0.6642,,,,,4.78,-88.36,0.327,29.01,12.43,
MUDC,Fall,Plain Pocketbook,,MCPP-02,Mussel Tissue,Mussel Tissue,none,,,Tray 1b,0.996,0.0128,9.8587,8.5217,0.2697,-27.7026,35.7734,0.0042,-3.4141,0.6698,,,,,5.65,-94.04,0.27,31.96,11.69,
MUDC,Fall,Plain Pocketbook,,MCPP-03,Mussel Tissue,Mussel Tissue,none,,,Tray 1b,0.978,0.0108,9.7141,7.3425,0.2257,-26.8655,30.4861,0.0038,-3.3953,0.6164,,,,,5.64,-87.42,0.226,31.76,11.7,
MUDC,Fall,Plain Pocketbook,,MCPP-08,Mussel Tissue,Mussel Tissue,none,,,Tray 1b,1.08,0.0094,9.8301,5.7586,0.293,-27.328,35.848,0.004,-2.2,0.5956,,,,,6.5,-94.59,0.293,30.77,11.85,
MUDC,Fall,Plain Pocketbook,,MCPP-09,Mussel Tissue,Mussel Tissue,none,,,Tray 1b,1.192,0.0133,9.1297,7.4097,0.3504,-28.4834,38.8346,0.0046,-2.4448,0.6168,,,,,6.57,-100.1,0.35,31.2,12.45,
MUDC,Summer,Wabash Pigtoe,,MC WP-09,Mussel Tissue,Mussel Tissue,none,from FA CSV,,,,,9.2959,6.5622,,-27.1583,35.41,,-4.76,0.46,,,,,5.58,-90.61,3081,30.74,17.97,
MUDC,Summer,Wabash Pigtoe,,MC WP-03,Mussel Tissue,Mussel Tissue,none,from FA CSV,,,,,9.2047,8.7285,,-27.3916,40.2621,,-5.65,0.41,,,,,5.73,-95.28,3288,30.33,19.1,
MUDC,Summer,Wabash Pigtoe,,MC WP-02,Mussel Tissue,Mussel Tissue,none,from FA CSV,,,,,9.5857,7.7689,,-26.8838,38.4993,,-4.96,0.48,,,,,6.15,-98.6,2536,26.29,16.65,
MUDC,Summer,Wabash Pigtoe,,MC WP-06,Mussel Tissue,Mussel Tissue,none,from FA CSV,,,,,9.8905,8.7065,,-28.2111,40.5376,,-5.48,0.33,,,,,5.36,-92.17,2953,28.46,18,
MUDC,Summer,Wabash Pigtoe,,MC WP-05,Mussel Tissue,Mussel Tissue,none,from FA CSV,,,,,8.1769,6.291,,-27.5867,36.0768,,-5.01,0.45,,,,,5.93,-102.24,3066,33.04,16.93,
MUDC,Summer,Wabash Pigtoe,,MC-WP-01,Mussel Tissue,Mussel Tissue,none,,,,,,9.902539105,8.554033509,,-27.41022086,40.7532542,,-4.86,0.54,,Tray 6b and 7a,0.447,1151,5.4073,-60.6789,9502,34.2085,12.1146,
MUDC,Summer,Wabash Pigtoe,,MC-WP-04,Mussel Tissue,Mussel Tissue,none,,,,,,8.281185129,6.303751721,,-27.38081409,34.6738661,,-5.3,0.45,,Tray 6b and 7a,0.44,1334,6.3336,-87.8299,9462,34.3001,13.9253,
MUDC,Summer,Wabash Pigtoe,,MC-WP-07,Mussel Tissue,Mussel Tissue,none,,,,,,9.111414623,8.04319375,,-28.03560479,38.55638718,,-5.37,0.36,,Tray 6b and 7a,0.479,1369,5.9472,-90.135,9295,31.0594,11.3966,
MUDC,Summer,Wabash Pigtoe,,MC-WP-08,Mussel Tissue,Mussel Tissue,none,,,,,,9.208675808,7.081377068,,-27.1435995,38.58562418,,-5.03,0.56,,Tray 6b and 7a,0.523,1546,6.1487,-93.3381,9803,30.081,10.7708,
MUDC,Summer,Wabash Pigtoe,,MC-WP-10,Mussel Tissue,Mussel Tissue,none,,,,,,9.456340887,6.278923705,,-28.097359,45.78934162,,-5.15,0.59,,Tray 6b and 7a,0.406,999,5.204,-92.7927,7077,28.0823,10.266,
MUDC,Fall,Wabash Pigtoe,,MCWP-01,Mussel Tissue,Mussel Tissue,none,,,Tray 2,1.045,0.0122,10.6384,6.3937,0.2911,-26.4823,36.0856,0.0044,-3.3058,0.6449,,,,,5.41,-60.68,0.291,34.21,12.11,
MUDC,Fall,Wabash Pigtoe,,MCWP-04,Mussel Tissue,Mussel Tissue,none,,,Tray 2,1.047,0.0081,10.3595,4.2336,0.2753,-26.9383,34.0565,0.0032,-3.1542,0.4711,,,,,6.33,-87.83,0.275,34.3,13.93,
MUDC,Fall,Wabash Pigtoe,,MCWP-07,Mussel Tissue,Mussel Tissue,none,,,Tray 2,1.092,0.0104,9.3899,5.1961,0.28,-27.1559,33.2085,0.0039,-3.6175,0.5442,,,,,5.95,-90.14,0.28,31.06,11.4,
MUDC,Fall,Wabash Pigtoe,,MCWP-08,Mussel Tissue,Mussel Tissue,none,,,Tray 2,1.044,0.0126,9.5798,6.5852,0.2882,-28.1799,35.7579,0.0034,-3.1676,0.5052,,,,,6.15,-93.34,0.288,30.08,10.77,
MUDC,Fall,Wabash Pigtoe,,MCWP-10,Mussel Tissue,Mussel Tissue,none,,,Tray 2,1.118,0.0095,9.8539,4.6628,0.2843,-26.4216,32.9382,0.0035,-3.1501,0.4819,,,,,5.2,-92.79,0.284,28.08,10.27,
MUDC,Summer,,,BMC-S01,Biofilm,Biofilm,acid-fumed,,,"Tray 8b, Tray 13",24.1,0.0309,2.418,0.712,,,,0.0158,-2.895,0.1028,,,,,,,,,,"CNS: sample too big, no C data"
MUDC,Summer,,,BMC-S02,Biofilm,Biofilm,none,,,Trays 14 and 16,4.8,0.0183,2.0891,2.0659,0.6883,-25.5852,17.9667,0.0076,-2.523,0.2339,,,,,,,,,,
MUDC,Summer,,,BMC-S03,Biofilm,Biofilm,none,no chemistry,,,,,,,,,,,,,,,,,,,,,,
MUDC,,,,GMC-F01,POM,POM,none,2 CNS reps,,Tray 5,65.734,0.0018,6.0913,0.0187,0.0434,-25.2472,0.1632,0.0024,-0.748,0.01,,,,,,,,,,
MUDC,,,,GMC-F01,POM,POM,none,2 CNS reps,,Tray 5,69.638,0.0028,6.0927,0.0289,0.1209,-23.2533,0.386,0.0042,4.3669,0.0173,,,,,,,,,,
MUDC,,,,GMC-F01,POM,POM,acid-fumed,,,Tray 8a,70.415,0.0043,1.6491,0.0338,0.1705,-31.8301,0.3038,,,,,,,,,,,,,"CNS: bad peak shape, no S data"
MUDC,,,,GMC-F03,POM,POM,none,no chemistry,,,,,,,,,,,,,,,,,,,,,,
MUDC,,,,GMC-S01,POM,POM,acid-fumed,,,Tray 8a,64.338,0.0033,5.2509,0.0282,0.1005,-30.1618,0.196,0.0034,3.3062,0.0083,,,,,,,,,,
MUDC,,,,GMC-S03,POM,POM,none,no chemistry,,,,,,,,,,,,,,,,,,,,,,
MUDC,Fall,,,SMC-F,Sediment,Sediment,none,,,Tray 17,47.753,0.0049,4.0449,0.0778,0.3528,-13.385,1.6768,,,,,"Tray 3, 19, 20",0.488,352,1.2062,88.6163,405,3.9011,13.7572,HO: consider rerunning at 1.5-2mg
MUDC,Fall,,,SMC-F,Sediment,Sediment,acid-fumed,,,Trays 14 and 16,7.13,0.0022,3.6305,0.042,0.1367,-10.8438,2.4017,0.0014,-5.5474,0.028,,,,,,,,,,CNS: Tray 16
MUDC,Summer,,,SMC-S,Sediment,Sediment,none,,,Tray 17,46.669,0.0037,4.2752,0.0613,0.3259,-8.7804,1.5851,,,,,"Tray 3, 19, 20",0.54,408,1.2843,81.2636,559,4.8314,13.6649,HO: consider rerunning at 1.5-2mg
MUDC,Summer,,,SMC-S,Sediment,Sediment,acid-fumed,,,Trays 14 and 16,7.182,0.0016,3.755,0.0299,0.1115,-9.7257,1.9445,0.0021,-1.8244,0.0441,,,,,,,,,,CNS: Tray 16
RICH,,,Boxelder Maple,RC Boxelder Maple,Riparian Vegetation,Riparian Vegetation,none,,,"Tray 18, 10, 11",3.429,0.0112,1.0434,2.2369,0.7158,-27.7004,51.5875,0.0052,4.4977,0.4164,,"Tray 3, 19, 20",0.403,7835,6.0621,-93.7106,3838,42.4726,24.206,
RICH,,,Catalpa,RC Caltape,Riparian Vegetation,Riparian Vegetation,none,,,"Tray 18, 10, 11",4.2,0.0132,2.0691,2.1515,0.8609,-31.3162,50.6537,0.0021,5.2819,0.1413,,,,,,,,,,
RICH,,,Catalpa,RC Catalpe,Riparian Vegetation,Riparian Vegetation,none,,,,,,,,,,,,,,,"Tray 3, 19, 20",0.364,7128,6.106,-74.6105,3700,45.1024,22.6474,
RICH,,,Corn Leaf,RC Corn Leaves,Corn,Riparian Vegetation,none,,,"Tray 18, 10, 11",3.748,0.0165,3.0051,3.0018,0.7844,-11.7301,51.7162,0.0046,5.2325,0.3377,,"Tray 3, 19, 20",0.457,9261,6.3188,-74.9772,4331,43.1367,31.1926,
RICH,,,Forb,RC Forbes,Riparian Vegetation,Riparian Vegetation,none,,,"Tray 18, 10, 11",3.892,0.0177,4.7456,3.1029,0.6634,-31.1201,42.125,0.006,1.3462,0.4251,,"Tray 3, 19, 20",0.455,8511,5.8326,-117.4189,4249,41.7998,22.4846,
RICH,,,Grass,RC Grasses,Riparian Vegetation,Riparian Vegetation,none,,,"Tray 18, 10, 11",3.026,0.0121,5.3399,2.7435,0.5731,-28.7702,46.8032,0.0027,0.0978,0.2496,,"Tray 3, 19, 20",0.386,7490,6.0504,-102.3054,3571,42.8997,24.854,
RICH,,,Grass,RC Riparian Grasses,Riparian Vegetation,Riparian Vegetation,none,,,,,,,,,,,,,,,"Tray 3, 19, 20",0.357,1554,6.1834,-116.4215,3594,41.9892,20.9388,
RICH,,,Ohio Buckey,RC Ohio Buckeye,Riparian Vegetation,Riparian Vegetation,none,,,"Tray 18, 10, 11",3.489,0.0098,-0.4441,1.9268,0.7861,-30.2985,55.6777,0.0022,-0.6071,0.178,,"Tray 3, 19, 20",0.369,7261,6.1357,-81.4771,3456,42.1373,24.5367,
RICH,,,Soybean Leaf,RC Soybean,Soy,Riparian Vegetation,none,,,"Tray 18, 10, 11",3.003,0.0207,-0.7295,4.7052,0.6233,-27.8679,51.2886,0.0036,1.9424,0.3359,,"Tray 3, 19, 20",0.354,8510,7.4958,-126.0326,3702,48.3618,25.9283,"HO: well empty, filled from extra sample from well B5"
RICH,,,Soybean Leaf,RC Soybean-1,Soy,Riparian Vegetation,none,no chemistry,,,,,,,,,,,,,,,,,,,,,,
RICH,,,Sycamore,RC A. Sycamore,Riparian Vegetation,Riparian Vegetation,none,,,"Tray 18, 10, 11",3.767,0.0115,4.7658,2.0941,0.8113,-30.6672,53.2249,0.0033,4.6689,0.2399,,"Tray 3, 19, 20",0.359,6749,5.8619,-107.9913,3365,41.5247,21.6864,
RICH,,,Walnut,RC Walnut,Riparian Vegetation,Riparian Vegetation,none,,,,,,,,,,,,,,,"Tray 3, 19, 20",0.391,7081,5.6469,-86.1029,3791,43.3052,22.9554,
RICH,,,Walnut,RC Walnut P1,Riparian Vegetation,Riparian Vegetation,none,,,"Tray 18, 10, 11",3.048,0.0102,-0.2468,2.2858,0.6087,-31.5608,49.3499,0.0013,4.6064,0.12,,,,,,,,,,
RICH,Summer,Asian Clam,,RC-AC-01,Mussel Tissue,Mussel Tissue,none,,,,,,6.806224277,8.394361891,,-31.98591392,44.9038986,,-0.31,0.41,,Tray 7b,0.491,1408,6.5285,-76.1426,8052,28.5308,14.7964,
RICH,Summer,Asian Clam,,RC-AC-04,Mussel Tissue,Mussel Tissue,none,,,,,,,,,,,,,,,Tray 7b,0.421,1179,6.3717,-79.2518,6325,26.0796,13.9065,
RICH,Summer,Asian Clam,,RC-AC-07,Mussel Tissue,Mussel Tissue,none,,,,,,,,,,,,,,,Tray 7b,0.474,1286,6.21,-78.4974,6879,25.1367,14.1088,
RICH,Fall,Asian Clam,,RCAC-01,Mussel Tissue,Mussel Tissue,none,,,Tray 1b,1.041,0.0137,7.0798,8.7236,0.3138,-32.9523,39.8249,0.0041,0.5684,0.6334,,,,,6.53,-76.14,0.314,28.53,14.8,
RICH,Fall,Asian Clam,,RCAC-04,Mussel Tissue,Mussel Tissue,none,,,Tray 1b,0.923,0.0129,7.6537,9.295,0.3139,-32.8851,44.9381,0.0038,0.7486,0.6524,,,,,6.37,-79.25,0.314,26.08,13.91,
RICH,Fall,Asian Clam,,RCAC-07,Mussel Tissue,Mussel Tissue,none,,,Tray 1b,0.983,0.0151,7.5483,10.1735,0.3226,-32.2931,43.3616,0.0045,0.9763,0.7248,,,,,6.21,-78.5,0.323,25.14,14.11,
RICH,Summer,Asian Clam,,RC AC-10,Mussel Tissue,Mussel Tissue,none,from FA CSV,,,,,7.1782,10.1169,,-31.14,46.747,,-0.55,0.41,,,,,6.67,-76.38,3188,31.81,19.49,
RICH,Summer,Asian Clam,,RC AC-09,Mussel Tissue,Mussel Tissue,none,from FA CSV,,,,,6.8754,8.6055,,-31.9095,45.8004,,0.2,0.4,,,,,6.57,-75.13,3087,28.59,16.25,
RICH,Summer,Asian Clam,,RC AC-06,Mussel Tissue,Mussel Tissue,none,from FA CSV,,,,,6.8243,8.7202,,-31.5429,44.5924,,-0.53,0.47,,,,,6.77,-78.92,3370,34.12,34.02,
RICH,Summer,Fatmucket,,RC FM-01,Mussel Tissue,Mussel Tissue,none,from FA CSV,,,,,7.5402,6.9896,,-31.0322,26.8501,,0.43,0.45,,,,,5.19,-82.31,3096,28.34,11.47,
RICH,Summer,Fatmucket,,RC FM-02,Mussel Tissue,Mussel Tissue,none,from FA CSV,,,,,8.0034,10.3813,,-31.7418,36.7448,,-0.17,0.32,,,,,6.61,-92.34,2781,27.97,13.41,
RICH,Summer,Fatmucket,,RC FM-10,Mussel Tissue,Mussel Tissue,none,from FA CSV,,,,,7.2795,6.6708,,-31.2792,27.4138,,,,,,,,5.03,-86.85,2838,28.93,13.98,
RICH,Summer,Fatmucket,,RC FM-07,Mussel Tissue,Mussel Tissue,none,from FA CSV,,,,,7.6214,10.3552,,-31.0273,40.8124,,-0.29,0.43,,,,,5.6,-78.04,3451,33.53,18.21,
RICH,Summer,Fatmucket,,RC FM-03,Mussel Tissue,Mussel Tissue,none,from FA CSV,,,,,9.0884,6.9721,,-31.4595,27.0169,,0.94,0.31,,,,,4.31,-78.07,2588,28,12.75,
RICH,Summer,Fatmucket,,RC-FM-04,Mussel Tissue,Mussel Tissue,none,,,,,,6.877415454,7.314900466,,-31.85652415,35.99917382,,-0.89,0.33,,Tray 7b,0.505,1304,5.964,-87.9937,7433,25.6022,11.069,
RICH,Summer,Fatmucket,,RC-FM-05,Mussel Tissue,Mussel Tissue,none,,,,,,8.038533514,10.84655298,,-31.22525886,37.40091006,,-1.19,0.35,,Tray 7b,0.386,1354,8.0344,-89.7343,8231,37.3148,13.1753,
RICH,Summer,Fatmucket,,RC-FM-06,Mussel Tissue,Mussel Tissue,none,,,,,,6.149460608,7.214586422,,-32.71128086,36.00472125,,-0.39,0.34,,Tray 7b,0.396,1064,6.178,-82.8336,5754,25.0882,12.2783,
RICH,Summer,Fatmucket,,RC-FM-08,Mussel Tissue,Mussel Tissue,none,,,,,,7.182234012,7.86863355,,-31.61930955,35.37796449,,0.02,0.41,,Tray 7b,0.455,1088,5.5045,-74.3362,7542,33.0135,29.5608,
RICH,Summer,Fatmucket,,RC-FM-09,Mussel Tissue,Mussel Tissue,none,,,,,,7.527160275,7.381106863,,-32.14863137,37.41097127,,0.34,0.43,,Tray 7b,0.437,1019,5.4035,-39.6626,6517,26.5072,11.857,
RICH,Fall,Fatmucket,,RCFM-04,Mussel Tissue,Mussel Tissue,none,,,Tray 1a,1.096,0.0087,7.4542,3.9166,0.2206,-30.2273,25.8758,,,,,,,,5.96,-87.99,0.221,25.6,11.07,"CNS: bad peak shape, no S data"
RICH,Fall,Fatmucket,,RCFM-05,Mussel Tissue,Mussel Tissue,none,,,Tray 1a,1.128,0.0065,7.1555,2.8401,0.2154,-31.4671,24.5472,,,,,,,,8.03,-89.73,0.215,37.31,13.18,"CNS: bad peak shape, no S data"
RICH,Fall,Fatmucket,,RCFM-06,Mussel Tissue,Mussel Tissue,none,,,Tray 1a,1.157,0.0092,7.0492,3.9076,0.2767,-33.6197,30.7424,,,,,,,,6.18,-82.83,0.277,25.09,12.28,"CNS: bad peak shape, no S data"
RICH,Fall,Fatmucket,,RCFM-08,Mussel Tissue,Mussel Tissue,none,,,Tray 1a,0.909,0.0081,7.0173,4.3569,0.2205,-30.9309,31.1828,,,,,,,,5.5,-74.34,0.221,33.01,29.56,"CNS: bad peak shape, no S data"
RICH,Fall,Fatmucket,,RCFM-09,Mussel Tissue,Mussel Tissue,none,,,Tray 1a,0.968,0.0102,7.3969,5.1584,0.2429,-32.1875,32.2591,,,,,,,,5.4,-39.66,0.243,26.51,11.86,"CNS: bad peak shape, no S data"
RICH,Summer,Plain Pocketbook,,RC PP-01,Mussel Tissue,Mussel Tissue,none,from FA CSV,,,,,7.4299,9.2679,,-31.8536,39.1242,,1.09,0.47,,,,,6.42,-85.3,3220,30.94,14.64,
RICH,Summer,Plain Pocketbook,,RC PP-07,Mussel Tissue,Mussel Tissue,none,from FA CSV,,,,,7.2825,7.0938,,-31.6026,32.0026,,1.41,0.66,,,,,6.04,-87.94,3290,31.42,13.8,
RICH,Summer,Plain Pocketbook,,RC PP-08,Mussel Tissue,Mussel Tissue,none,from FA CSV,,,,,7.456,8.2548,,-32.2947,35.8175,,0.95,0.53,,,,,5.46,-88.45,3006,30.33,13.34,
RICH,Summer,Plain Pocketbook,,RC PP-10,Mussel Tissue,Mussel Tissue,none,from FA CSV,,,,,7.5262,11.1476,,-32.2212,42.5554,,1.02,0.6,,,,,6.23,-84.56,3356,30.81,12.71,
RICH,Summer,Plain Pocketbook,,RC PP-05,Mussel Tissue,Mussel Tissue,none,from FA CSV,,,,,7.2725,7.1699,,-31.8154,30.8309,,0.76,0.6,,,,,6.45,-85.3,2974,30.31,13.29,
RICH,Summer,Plain Pocketbook,,RC PP-03,Mussel Tissue,Mussel Tissue,none,from FA CSV,,,,,7.5462,10.1481,,-31.6869,38.6057,,1.04,0.5,,,,,5.19,-86.83,2765,28.34,11.71,
RICH,Summer,Plain Pocketbook,,RC-PP-02,Mussel Tissue,Mussel Tissue,none,,,,,,8.313271293,6.691009623,,-31.68792534,26.46728243,,1.82,0.61,,Tray 7b,0.503,1301,5.825,-81.5061,7599,26.3493,11.4523,
RICH,Summer,Plain Pocketbook,,RC-PP-04,Mussel Tissue,Mussel Tissue,none,,,,,,7.588324525,4.938498981,,-32.10648167,28.53391168,,1.31,0.52,,Tray 7b,0.471,1265,6.0603,-86.3051,7095,26.1559,12.6292,
RICH,Summer,Plain Pocketbook,,RC-PP-06,Mussel Tissue,Mussel Tissue,none,,,,,,7.767806505,8.519982735,,-32.61423853,38.13781051,,1.52,0.55,,Tray 7b,0.379,902,5.3781,-78.325,6444,30.0103,13.5318,
RICH,Summer,Plain Pocketbook,,RC-PP-09,Mussel Tissue,Mussel Tissue,none,,,,,,6.611701908,6.742278536,,-32.50641371,34.6253578,,0.73,0.46,,Tray 7b,0.478,1320,6.2047,-84.4105,7322,26.6123,12.6821,
RICH,Fall,Plain Pocketbook,,RCPP-02,Mussel Tissue,Mussel Tissue,none,,,Tray 1b,0.915,0.0093,7.8025,6.7453,0.2203,-33.4349,31.8041,0.0034,2.4986,0.5883,,,,,5.82,-81.51,0.22,26.35,11.45,
RICH,Fall,Plain Pocketbook,,RCPP-04,Mussel Tissue,Mussel Tissue,none,,,Tray 1b,1,0.0095,7.3249,6.3083,0.2385,-32.1961,31.5153,0.0037,1.9032,0.5876,,,,,6.06,-86.31,0.239,26.16,12.63,
RICH,Fall,Plain Pocketbook,,RCPP-06,Mussel Tissue,Mussel Tissue,none,,,Tray 1b,0.95,0.008,7.4925,5.5911,0.2211,-33.3722,30.7548,0.003,1.3811,0.5056,,,,,5.38,-78.32,0.221,30.01,13.53,
RICH,Fall,Plain Pocketbook,,RCPP-09,Mussel Tissue,Mussel Tissue,none,,,Tray 1b,1.19,0.0099,7.5248,5.5382,0.2492,-33.2533,27.6735,0.0038,1.7275,0.5091,,,,,6.2,-84.41,0.249,26.61,12.68,
RICH,Summer,Wabash Pigtoe,,RC WP-10,Mussel Tissue,Mussel Tissue,none,from FA CSV,,,,,7.8701,6.9537,,-30.5999,27.9204,,2.17,0.48,,,,,4.52,-86.25,2888,27.35,9.86,
RICH,Summer,Wabash Pigtoe,,RC WP-06,Mussel Tissue,Mussel Tissue,none,from FA CSV,,,,,6.8092,6.6878,,-31.2517,34.9806,,,,,,,,5.4,-86.87,2921,29.93,15.24,
RICH,Summer,Wabash Pigtoe,,RC WP-03,Mussel Tissue,Mussel Tissue,none,from FA CSV,,,,,7.3336,8.2005,,-30.493,35.4724,,1.15,0.61,,,,,5.31,-77.81,3203,30.05,13.43,
RICH,Summer,Wabash Pigtoe,,RC WP-09,Mussel Tissue,Mussel Tissue,none,from FA CSV,,,,,7.1522,7.5229,,-30.6999,33.4057,,0.95,0.35,,,,,4.93,-78.8,2818,29.03,13.27,
RICH,Summer,Wabash Pigtoe,,RC WP-02,Mussel Tissue,Mussel Tissue,none,from FA CSV,,,,,7.2564,6.517,,-30.1833,29.576,,1.4,0.46,,,,,5.24,-81.57,3177,30.79,12.23,
RICH,Summer,Wabash Pigtoe,,RC-WP-01,Mussel Tissue,Mussel Tissue,none,,,,,,7.599354144,8.019305778,,-30.34011515,32.59034862,,1.53,0.6,,Tray 7b,0.445,1215,6.215,-70.3808,6563,25.5817,11.363,
RICH,Summer,Wabash Pigtoe,,RC-WP-04,Mussel Tissue,Mussel Tissue,none,,,,,,8.116743539,10.53741511,,-29.82549672,39.72098545,,1.73,0.53,,Tray 7b,0.492,1373,6.3145,-76.66,7718,27.5647,11.6681,
RICH,Summer,Wabash Pigtoe,,RC-WP-05,Mussel Tissue,Mussel Tissue,none,,,,,,7.657510316,7.404353713,,-30.23131011,30.41885348,,1.59,0.49,,Tray 7b,0.408,889,4.976,-66.7866,6807,29.1962,12.2451,
RICH,Summer,Wabash Pigtoe,,RC-WP-07,Mussel Tissue,Mussel Tissue,none,,,,,,7.18524209,8.465854302,,-29.92547973,36.5176127,,1.36,0.47,,Tray 7b,0.412,1114,6.1117,-67.165,6541,27.4496,13.0924,
RICH,Summer,Wabash Pigtoe,,RC-WP-08,Mussel Tissue,Mussel Tissue,none,,,,,,7.126083225,5.363830701,,-29.71473123,24.74852891,,1.46,0.52,,Tray 7b,0.393,1033,5.9722,-64.49,5871,25.8682,11.0682,
RICH,Fall,Wabash Pigtoe,,RCWP-01,Mussel Tissue,Mussel Tissue,none,,,Tray 1a,1.214,0.0057,7.7439,2.3262,0.1515,-30.3875,16.0366,,,,,,,,6.22,-70.38,0.151,25.58,11.36,"CNS: bad peak shape, no S data"
RICH,Fall,Wabash Pigtoe,,RCWP-04,Mussel Tissue,Mussel Tissue,none,,,Tray 1b,1.06,0.0095,7.1521,5.9582,0.2302,-30.408,28.688,0.004,2.1517,0.5972,,,,,6.31,-76.66,0.23,27.56,11.67,
RICH,Fall,Wabash Pigtoe,,RCWP-05,Mussel Tissue,Mussel Tissue,none,,,Tray 1b,0.965,0.0104,6.8179,7.1406,0.2451,-30.5821,33.5607,0.0036,1.0464,0.6025,,,,,4.98,-66.79,0.245,29.2,12.25,
RICH,Fall,Wabash Pigtoe,,RCWP-07,Mussel Tissue,Mussel Tissue,none,,,Tray 1b,1.111,0.0102,7.0359,6.0745,0.2386,-30.7641,28.3722,0.004,2.0254,0.5718,,,,,6.11,-67.16,0.239,27.45,13.09,
RICH,Fall,Wabash Pigtoe,,RCWP-08,Mussel Tissue,Mussel Tissue,none,,,Tray 1b,0.956,0.0111,7.251,7.6789,0.241,-30.9313,33.3026,0.0051,2.2996,0.8593,,,,,5.97,-64.49,0.241,25.87,11.07,
RICH,Fall,,,BRC-F01,Biofilm,Biofilm,acid-fumed,,,"Tray 8b, Tray 13",8.8,0.0178,7.8776,1.1222,0.743,,9.7817,0.0087,4.4456,0.1556,,,,,,,,,,"CNS: sample too big, no C data"
RICH,Fall,,,BRC-F02,Biofilm,Biofilm,none,,,Trays 14 and 16,3.2,0.0121,8.0757,2.0577,0.4967,-29.6865,19.45,0.0067,5.351,0.3096,,,,,,,,,,
RICH,Fall,,,BRC-F03,Biofilm,Biofilm,none,no chemistry,,,,,,,,,,,,,,,,,,,,,,
RICH,Summer,,,BRC-S01,Biofilm,Biofilm,acid-fumed,,,"Tray 8b, Tray 13",10.7,0.0244,8.411,1.2644,0.686,-31.8268,7.4278,0.001,7.6233,0.0153,,,,,,,,,,
RICH,Summer,,,BRC-S02,Biofilm,Biofilm,none,,,Trays 14 and 16,6.2,0.0167,12.4048,1.4649,0.6791,-21.9047,13.7245,0.0082,-9.4173,0.195,,,,,,,,,,
RICH,Summer,,,BRC-S03,Biofilm,Biofilm,none,no chemistry,,,,,,,,,,,,,,,,,,,,,,
RICH,,,,GRC-F01,POM,POM,none,,,Tray 5,79.12,0.0024,5.4474,0.0219,0.07,-30.8726,0.1967,0.0039,6.083,0.0138,,,,,,,,,,
RICH,,,,GRC-F01,POM,POM,acid-fumed,,,Tray 8a,59.221,0.0037,3.3407,0.0349,0.1153,-33.1389,0.2443,0.0054,11.3077,0.0145,,,,,,,,,,
RICH,,,,GRC-F02,POM,POM,none,no chemistry,,,,,,,,,,,,,,,,,,,,,,
RICH,,,,GRC-S01,POM,POM,none,,,Tray 5,69.132,0.002,4.65,0.0206,0.0643,-27.8342,0.2068,0.0052,7.979,0.0214,,,,,,,,,,
RICH,,,,GRC-S01,POM,POM,acid-fumed,,,"Tray 8b, Tray 13",26.882,0.0023,4.4629,0.0476,0.0704,-30.2731,0.3032,0.0037,8.3633,0.0216,,,,,,,,,,
RICH,,,,GRC-S02,POM,POM,none,no chemistry,,,,,,,,,,,,,,,,,,,,,,
RICH,Fall,,,LRC-F01,Leaf Litter,Leaf Litter,none,2 CNS reps,,"Tray 18, 10, 11",2.889,0.0048,0.3938,1.1363,0.5081,-28.5528,43.4629,0.0019,0.7632,0.1796,,"Tray 3, 19, 20",0.401,1670,6.4598,-80.6845,3641,41.443,24.6534,
RICH,Fall,,,LRC-F01,Leaf Litter,Leaf Litter,none,2 CNS reps / HO not found,,"Tray 18, 10, 11",2.956,0.0049,0.2695,1.126,0.5556,-30.0987,46.4493,0.0022,-2.303,0.2031,,,,,,,,,,
RICH,Fall,,,LRC-F01,Leaf Litter,Leaf Litter,acid-fumed,no chemistry,,,,,,,,,,,,,,,,,,,,,,
RICH,Fall,,,SRC-F,Sediment,Sediment,none,,,Tray 17,48.392,0.0015,-2.1576,0.0236,0.0686,-27.4386,0.3218,,,,,"Tray 3, 19, 20",0.465,710,2.5817,8.0636,540,5.6592,10.5796,HO: consider rerunning at 1.5-2mg
RICH,Fall,,,SRC-F,Sediment,Sediment,acid-fumed,,,Trays 14 and 16,7.593,0.0008,3.0348,0.0151,0.0463,-26.3814,0.764,0.0028,5.8966,0.0546,,,,,,,,,,CNS: Tray 16
RICH,Summer,,,SRC-S,Sediment,Sediment,none,,,Tray 17,48.366,0.0016,-0.761,0.0259,0.0654,-27.3803,0.307,,,,,"Tray 3, 19, 20",0.332,406,2.0259,97.7123,292,4.4215,12.3623,HO: consider rerunning at 1.5-2mg
RICH,Summer,,,SRC-S,Sediment,Sediment,acid-fumed,,,Trays 14 and 16,7.269,0.0012,1.5516,0.022,0.0538,-26.2141,0.9267,0.0012,1.5547,0.0238,,,,,,,,,,CNS: Tray 16
SUGA,,,Corn Leaf,SC Corn,Corn,Riparian Vegetation,none,,,"Tray 18, 10, 11",3.464,0.0117,2.4299,2.3343,0.0933,-11.9209,5.7566,0.0025,-1.2013,0.2389,,"Tray 3, 19, 20",0.447,1879,5.9607,-95.109,4147,39.6691,25.672,
SUGA,,,American Elm,SC Elm spp.,Riparian Vegetation,Riparian Vegetation,none,,,"Tray 18, 10, 11",3.563,0.012,0.6787,2.3217,0.7315,-26.6057,43.8802,0.0017,0.6446,0.1582,,"Tray 3, 19, 20",0.426,1700,5.6413,-79.005,3891,38.7161,22.3311,
SUGA,,,Grass,SC Riparian Grass,Riparian Vegetation,Riparian Vegetation,none,,,"Tray 18, 10, 11",3.694,0.0131,10.2009,2.4587,0.8035,-27.7274,46.4926,0.0031,-6.2692,0.2745,,,,,,,,,,
SUGA,,,Hackberry,SC Hackberry,Riparian Vegetation,Riparian Vegetation,none,,,"Tray 18, 10, 11",3.598,0.011,1.9784,2.1182,0.8007,-28.9484,47.5663,0.0015,-4.3793,0.1367,,"Tray 3, 19, 20",0.44,1784,5.7448,-93.4478,4336,41.4621,19.912,
SUGA,,,Soybean Leaf,SC Soybean,Soy,Riparian Vegetation,none,,,"Tray 18, 10, 11",3.87,0.0298,-0.9463,5.3237,0.3077,-27.9477,16.9951,0.0041,3.9717,0.347,,"Tray 3, 19, 20",0.433,1974,6.4348,-123.8372,3791,36.5208,19.8109,"HO: well empty, filled from loose sample"
SUGA,,,Soybean Leaf,SC Soybean-1,Soy,Riparian Vegetation,none,no chemistry,,,,,,,,,,,,,,,,,,,,,,
SUGA,,,Sycamore,SC A. Sycamore,Riparian Vegetation,Riparian Vegetation,none,,,"Tray 18, 10, 11",3.209,0.0064,4.6571,1.3703,0.7585,-28.9442,50.5205,0.0015,0.2071,0.1538,,,,,,,,,,
SUGA,,,Sycamore,Sc A. Sycamore,Riparian Vegetation,Riparian Vegetation,none,,,,,,,,,,,,,,,"Tray 3, 19, 20",0.377,1607,6.0278,-110.2555,3626,40.0436,20.4357,
SUGA,,,Water Willow,SC Water Willow,Riparian Vegetation,Riparian Vegetation,none,,,"Tray 18, 10, 11",4.031,0.0234,14.4852,4.0134,0.6999,-27.3779,37.1087,0.0044,-3.9862,0.3564,,"Tray 3, 19, 20",0.363,1574,6.1092,-104.7829,3461,39.5447,19.6954,
SUGA,Summer,Asian Clam,,SC-AC-01,Mussel Tissue,Mussel Tissue,none,,,,,,,,,,,,,,,Tray 6a,0.494,1527,6.7343,-93.9406,8586,30.0186,11.2667,
SUGA,Summer,Asian Clam,,SC-AC-04,Mussel Tissue,Mussel Tissue,none,,,,,,,,,,,,,,,Tray 6a,0.476,1501,6.9042,-96.2059,8598,31.1627,12.5423,
SUGA,Summer,Asian Clam,,SC-AC-07,Mussel Tissue,Mussel Tissue,none,,,,,,,,,,,,,,,Tray 6a,0.358,1124,6.9274,-99.9816,6742,32.6665,15.1019,
SUGA,Fall,Asian Clam,,SCAC-01,Mussel Tissue,Mussel Tissue,none,,,Tray 2,1.136,0.0175,11.8571,8.4121,0.3458,-29.0232,39.4293,0.0052,-6.4296,0.7039,,,,,6.73,-93.94,0.346,30.02,11.27,
SUGA,Fall,Asian Clam,,SCAC-04,Mussel Tissue,Mussel Tissue,none,,,Tray 2,1.242,0.0166,11.4171,7.3185,0.3953,-29.7633,41.2219,0.0048,-7.0165,0.5913,,,,,6.9,-96.21,0.395,31.16,12.54,
SUGA,Fall,Asian Clam,,SCAC-07,Mussel Tissue,Mussel Tissue,none,,,Tray 2,1.08,0.0154,11.5979,7.8098,0.3477,-29.1145,41.6965,0.0044,-6.3155,0.6181,,,,,6.93,-99.98,0.348,32.67,15.1,
SUGA,Summer,Asian Clam,,SC-AC-08-SP,Mussel Tissue,Mussel Tissue,none,from FA CSV,,,,,10.8595,8.3142,,-29.914,46.696,,-7.42,0.97,,,,,7.58,-104.9,4396,35.74,17.56,
SUGA,Summer,Asian Clam,,SC-AC-03-SP,Mussel Tissue,Mussel Tissue,none,from FA CSV,,,,,10.5079,7.3845,,-30.2156,46.5258,,-7.94,1.01,,,,,6.1,-108.53,4026,29.35,18.47,
SUGA,Summer,Asian Clam,,SC-AC-09-SP,Mussel Tissue,Mussel Tissue,none,from FA CSV,,,,,10.7894,8.8472,,-29.7563,46.7648,,-7.27,0.98,,,,,6.69,-106.7,4202,31.47,17.2,
SUGA,Summer,Asian Clam,,SC-AC-04-SP,Mussel Tissue,Mussel Tissue,none,from FA CSV,,,,,10.7723,7.6405,,-30.0246,45.2529,,-7.17,0.93,,,,,8.89,-106.65,4058,42.88,16.98,
SUGA,Summer,Asian Clam,,SC-AC-01-SP,Mussel Tissue,Mussel Tissue,none,from FA CSV,,,,,10.6642,8.1626,,-29.9982,46.2461,,-7.53,0.94,,,,,7.21,-107.03,4672,33.75,16.57,
SUGA,Summer,Fatmucket,,SC-FM-09-SP,Mussel Tissue,Mussel Tissue,none,from FA CSV,,,,,10.9303,6.9475,,-29.0247,30.2291,,-6.11,0.43,,,,,6.15,-95,2893,25.54,16.93,
SUGA,Summer,Fatmucket,,SC-FM-06-SP,Mussel Tissue,Mussel Tissue,none,from FA CSV,,,,,11.5249,7.0066,,-28.9355,34.6279,,-6.67,0.42,,,,,5.12,-90.62,3021,29.93,17,
SUGA,Summer,Fatmucket,,SC-FM-01-SP,Mussel Tissue,Mussel Tissue,none,from FA CSV,,,,,12.2398,10.0554,,-30.2823,39.6242,,-7.24,0.42,,,,,4.96,-94.44,2986,28.84,15.47,
SUGA,Summer,Fatmucket,,SC-FM-05-SP,Mussel Tissue,Mussel Tissue,none,from FA CSV,,,,,13.0811,9.4113,,-28.6335,33.8892,,-7,0.53,,,,,4.47,-89.93,2688,24.92,15.22,
SUGA,Summer,Fatmucket,,SC-FM-02-SP,Mussel Tissue,Mussel Tissue,none,from FA CSV,,,,,11.2471,7.5873,,-29.2285,33.379,,-6.87,0.52,,,,,5.71,-89.72,2835,28.73,19.22,
SUGA,Summer,Fatmucket,,SC-FM-03-SP,Mussel Tissue,Mussel Tissue,none,from FA CSV,,,,,11.938,8.1738,,-29.4942,37.2414,,-7.09,0.6,,,,,5.48,-95.3,3355,32.23,20.94,
SUGA,Summer,Fatmucket,,SC-FM-04-SP,Mussel Tissue,Mussel Tissue,none,from FA CSV,,,,,11.5981,7.4106,,-28.9835,35.9679,,-6.84,0.46,,,,,4.88,-101.8,2917,26.9,13.77,
SUGA,Summer,Fatmucket,,SC-FM-07-SP,Mussel Tissue,Mussel Tissue,none,from FA CSV,,,,,11.202,6.407,,-29.6098,34.0002,,-6.5,0.37,,,,,5.06,-96.31,3029,29.86,14.1,
SUGA,Summer,Fatmucket,,SC-FM-10-SP,Mussel Tissue,Mussel Tissue,none,from FA CSV,,,,,12.4614,8.511,,-28.4473,31.8258,,-6.94,0.57,,,,,2.87,-89.98,2177,20.84,10.15,
SUGA,Summer,Fatmucket,,SC-FM-08-SP,Mussel Tissue,Mussel Tissue,none,from FA CSV,,,,,12.4113,7.7251,,-28.9286,26.6287,,-5.79,0.47,,,,,6.12,-97.77,,,,
SUGA,Summer,Fatmucket,,SC-FM--09,Mussel Tissue,Mussel Tissue,none,,,,,,,,,,,,,,,Tray 6a,0.475,1364,6.3301,-102.1848,8592,31.8216,11.4058,
SUGA,Summer,Fatmucket,,SC-FM-05,Mussel Tissue,Mussel Tissue,none,,,,,,,,,,,,,,,Tray 6a,0.374,1059,6.2353,-92.7062,6299,29.0509,9.0757,
SUGA,Summer,Fatmucket,,SC-FM-06,Mussel Tissue,Mussel Tissue,none,,,,,,,,,,,,,,,Tray 6a,0.424,1301,6.7766,-98.9182,7404,30.5506,11.061,
SUGA,Summer,Fatmucket,,SC-FM-08,Mussel Tissue,Mussel Tissue,none,,,,,,,,,,,,,,,Tray 6a,0.488,1532,6.853,-100.8817,8578,30.6992,10.1645,
SUGA,Summer,Fatmucket,,SC-FM-10,Mussel Tissue,Mussel Tissue,none,,,,,,,,,,,,,,,Tray 6a,0.455,1079,5.2849,-87.2014,8306,32.1495,10.6504,
SUGA,Fall,Fatmucket,,SCFM-05,Mussel Tissue,Mussel Tissue,none,,,Tray 2,0.992,0.0104,11.7597,5.76,0.2154,-28.4583,28.1281,0.0033,-5.8044,0.513,,,,,6.24,-92.71,0.215,29.05,9.08,
SUGA,Fall,Fatmucket,,SCFM-06,Mussel Tissue,Mussel Tissue,none,,,Tray 2,1.168,0.0115,12.1088,5.3923,0.2324,-28.4182,25.7705,0.0037,-5.9976,0.4925,,,,,6.78,-98.92,0.232,30.55,11.06,
SUGA,Fall,Fatmucket,,SCFM-08,Mussel Tissue,Mussel Tissue,none,,,Tray 2,1.222,0.0156,12.6297,6.9939,0.2989,-28.8842,31.6843,0.0048,-5.4613,0.6008,,,,,6.85,-100.88,0.299,30.7,10.16,
SUGA,Fall,Fatmucket,,SCFM-09,Mussel Tissue,Mussel Tissue,none,,,Tray 2,0.988,0.0145,12.6507,8.0506,0.2707,-29.0574,35.4845,0.0038,-5.8131,0.5964,,,,,6.33,-102.18,0.271,31.82,11.41,
SUGA,Fall,Fatmucket,,SCFM-10,Mussel Tissue,Mussel Tissue,none,,,Tray 2,0.939,0.0131,12.4344,7.6085,0.2595,-28.8133,35.8005,0.0037,-6.4792,0.6119,,,,,5.28,-87.2,0.26,32.15,10.65,
SUGA,Summer,Plain Pocketbook,,SC-PP-05,Mussel Tissue,Mussel Tissue,none,from FA CSV,,,,,13.1073,9.4717,,-28.4608,33.1135,,-6.33,5.35,,,,,4.16,-99.49,3212,23.81,9.1,
SUGA,Summer,Plain Pocketbook,,SC-PP-03,Mussel Tissue,Mussel Tissue,none,from FA CSV,,,,,13.1565,12.1198,,-29.5136,42.0007,,-6.23,6.91,,,,,3.37,-106.84,2635,22.41,8.79,
SUGA,Summer,Plain Pocketbook,,SC-PP-07,Mussel Tissue,Mussel Tissue,none,from FA CSV,,,,,12.5525,10.2683,,-29.4714,41.6677,,-6.6,4.68,,,,,5.34,-98.06,3633,29.27,11.92,
SUGA,Summer,Plain Pocketbook,,SC-PP-02,Mussel Tissue,Mussel Tissue,none,from FA CSV,,,,,12.5184,9.2198,,-28.8215,37.4163,,-6.52,4.49,,,,,5.19,-98.44,4070,31.12,13.7,
SUGA,Summer,Plain Pocketbook,,SC-PP-10,Mussel Tissue,Mussel Tissue,none,from FA CSV,,,,,12.8685,11.332,,-28.7264,41.4304,,-6.35,6.55,,,,,5.16,-102.92,3176,23.33,10.9,
SUGA,Summer,Plain Pocketbook,,SC-PP-01,Mussel Tissue,Mussel Tissue,none,,,,,,12.5735689,8.888954904,,-29.36849932,39.94946389,,-7.01,4.18,,Tray 6a,0.4,974,5.3942,-106.6054,6643,29.0041,11.0867,
SUGA,Summer,Plain Pocketbook,,SC-PP-04,Mussel Tissue,Mussel Tissue,none,,,,,,12.53745049,8.95651577,,-28.67151694,37.45490974,,-6.24,0.43,,Tray 6a,0.377,1162,6.7418,-93.3603,6831,31.9566,17.6568,
SUGA,Summer,Plain Pocketbook,,SC-PP-06,Mussel Tissue,Mussel Tissue,none,,,,,,12.56152943,8.997419777,,-29.5733788,36.80035611,,-6.35,5.06,,Tray 6a,0.477,1277,5.8921,-90.9835,8740,31.9976,9.3024,
SUGA,Summer,Plain Pocketbook,,SC-PP-08,Mussel Tissue,Mussel Tissue,none,,,,,,12.5454768,9.663731754,,-29.24400317,38.4145624,,-6.47,0.52,,Tray 6a,0.398,783,4.4027,-96.0194,5671,25.0047,5.0509,
SUGA,Summer,Plain Pocketbook,,SC-PP-09,Mussel Tissue,Mussel Tissue,none,,,,,,11.48700655,9.249606883,,-29.07637449,39.20749197,,-6.58,5.35,,Tray 6a,0.392,1060,5.9721,-78.4456,7191,32.0217,10.6313,
SUGA,Fall,Plain Pocketbook,,SCPP-01,Mussel Tissue,Mussel Tissue,none,,,Tray 2,0.948,0.0096,12.2452,5.5314,0.2408,-29.0568,32.8962,0.0035,-6.0331,0.5732,,,,,5.39,-106.61,0.241,29,11.09,
SUGA,Fall,Plain Pocketbook,,SCPP-04,Mussel Tissue,Mussel Tissue,none,,,Tray 2,0.981,0.0125,12.1393,6.9532,0.2445,-28.5594,32.2872,0.0034,-5.6611,0.528,,,,,6.74,-93.36,0.245,31.96,17.66,
SUGA,Fall,Plain Pocketbook,,SCPP-06,Mussel Tissue,Mussel Tissue,none,,,Tray 2,1.133,0.0139,12.2871,6.7126,0.274,-28.0455,31.3278,0.004,-5.8101,0.5441,,,,,5.89,-90.98,0.274,32,9.3,
SUGA,Fall,Plain Pocketbook,,SCPP-08,Mussel Tissue,Mussel Tissue,none,,,Tray 2,0.993,0.0154,12.5662,8.4648,0.2539,-28.3465,33.1167,0.0039,-5.774,0.5986,,,,,4.4,-96.02,0.254,25,5.05,
SUGA,Fall,Plain Pocketbook,,SCPP-09,Mussel Tissue,Mussel Tissue,none,,,Tray 2,0.957,0.0126,12.3761,7.2303,0.2534,-29.4955,34.2942,0.0036,-5.7344,0.5728,,,,,5.97,-78.45,0.253,32.02,10.63,
SUGA,Summer,Wabash Pigtoe,,SC-WP-06-SP,Mussel Tissue,Mussel Tissue,none,from FA CSV,,,,,11.2381,8.4334,,-29.1657,40.9821,,-7.6,0.52,,,,,5.93,-91.38,3702,32.7,18.77,
SUGA,Summer,Wabash Pigtoe,,SC-WP-03-SP,Mussel Tissue,Mussel Tissue,none,from FA CSV,,,,,11.75,8.2373,,-29.4948,40.115,,-7.33,0.63,,,,,5.09,-104.16,2772,29.84,19.13,
SUGA,Summer,Wabash Pigtoe,,SC-WP-08-SP,Mussel Tissue,Mussel Tissue,none,from FA CSV,,,,,12.404,11.0147,,-29.483,42.8287,,-4.56,0.7,,,,,5.83,-97.76,2723,26.78,14.84,
SUGA,Summer,Wabash Pigtoe,,SC-WP-01-SP,Mussel Tissue,Mussel Tissue,none,from FA CSV,,,,,12.0555,10.4581,,-29.198,42.8782,,-7.36,0.52,,,,,5.07,-94.87,3033,29.66,17.82,
SUGA,Summer,Wabash Pigtoe,,SC-WP-10-SP,Mussel Tissue,Mussel Tissue,none,from FA CSV,,,,,11.6949,9.6486,,-29.4203,43.6569,,-3.5,0.59,,,,,5.64,-105.42,2636,26.63,14.86,
SUGA,Summer,Wabash Pigtoe,,SC-WP-07-SP,Mussel Tissue,Mussel Tissue,none,from FA CSV,,,,,11.9743,7.9381,,-29.5222,37.9482,,-6.86,0.75,,,,,5.46,-101.67,2951,29.48,15.14,
SUGA,Summer,Wabash Pigtoe,,SC-WP-09-SP,Mussel Tissue,Mussel Tissue,none,from FA CSV,,,,,12.6585,11.6968,,-28.7514,43.9098,,-7.72,0.58,,,,,6.14,-93.98,2581,25.91,17.42,
SUGA,Summer,Wabash Pigtoe,,SC-WP-02-SP,Mussel Tissue,Mussel Tissue,none,from FA CSV,,,,,12.4832,11.3487,,-28.8562,44.1688,,-4.19,0.73,,,,,5.58,-86.15,2625,25.69,15.38,
SUGA,Summer,Wabash Pigtoe,,SC-WP-04-SP,Mussel Tissue,Mussel Tissue,none,from FA CSV,,,,,12.3439,9.6325,,-28.8308,39.2579,,-7.05,0.62,,,,,5.2,-91.57,3604,29.4,16.09,
SUGA,Summer,Wabash Pigtoe,,SC-WP-05-SP,Mussel Tissue,Mussel Tissue,none,from FA CSV,,,,,10.7203,7.9246,,-29.5251,40.3864,,-7.21,0.67,,,,,6.21,-104.81,2974,30.78,16.99,
SUGA,Summer,Wabash Pigtoe,,SC-WP-03,Mussel Tissue,Mussel Tissue,none,,,,,,,,,,,,,,,Tray 6a,0.402,1131,6.3166,-91.6894,6827,29.688,10.0664,
SUGA,Summer,Wabash Pigtoe,,SC-WP-05,Mussel Tissue,Mussel Tissue,none,,,,,,,,,,,,,,,Tray 6a,0.437,1234,6.2632,-86.8142,7826,31.5478,10.297,
SUGA,Summer,Wabash Pigtoe,,SC-WP-06,Mussel Tissue,Mussel Tissue,none,,,,,,,,,,,,,,,Tray 6a,0.376,881,5.2249,-83.2678,6124,28.8892,7.5506,
SUGA,Summer,Wabash Pigtoe,,SC-WP-07,Mussel Tissue,Mussel Tissue,none,,,,,,,,,,,,,,,Tray 6a,0.407,1171,6.3814,-80.4753,7000,30.0846,9.8273,
SUGA,Summer,Wabash Pigtoe,,SC-WP-08,Mussel Tissue,Mussel Tissue,none,,,,,,,,,,,,,,,Tray 6a,0.453,1389,6.7718,-89.9085,10115,39.067,13.632,
SUGA,Fall,Wabash Pigtoe,,SCWP-03,Mussel Tissue,Mussel Tissue,none,,,Tray 2,1.039,0.0168,12.6933,8.8508,0.2831,-28.6455,35.2868,0.005,-6.0055,0.7345,,,,,6.32,-91.69,0.283,29.69,10.07,
SUGA,Fall,Wabash Pigtoe,,SCWP-05,Mussel Tissue,Mussel Tissue,none,,,Tray 2,1.116,0.0122,11.6171,5.9763,0.3301,-29.499,38.3125,0.0038,-6.0501,0.5279,,,,,6.26,-86.81,0.33,31.55,10.3,
SUGA,Fall,Wabash Pigtoe,,SCWP-06,Mussel Tissue,Mussel Tissue,none,,,Tray 2,1.206,0.0135,11.8073,6.1214,0.2827,-28.4655,30.3648,0.0048,-6.2173,0.6107,,,,,5.22,-83.27,0.283,28.89,7.55,
SUGA,Fall,Wabash Pigtoe,,SCWP-07,Mussel Tissue,Mussel Tissue,none,,,Tray 2,0.987,0.013,12.5154,7.1908,0.2529,-28.5409,33.1848,0.0047,-5.7123,0.7247,,,,,6.38,-80.48,0.253,30.08,9.83,
SUGA,Fall,Wabash Pigtoe,,SCWP-08,Mussel Tissue,Mussel Tissue,none,,,Tray 2,0.937,0.0133,12.0747,7.7654,0.2814,-29.2113,38.904,0.004,-6.1595,0.6604,,,,,6.77,-89.91,0.281,39.07,13.63,
SUGA,Fall,,,BSC-F01,Biofilm,Biofilm,acid-fumed,,,"Tray 8b, Tray 13",5.5,0.0131,10.4949,1.3198,0.7299,,15.3752,0.0096,-1.5562,0.2746,,,,,,,,,,"CNS: sample too big, no C data"
SUGA,Fall,,,BSC-F02,Biofilm,Biofilm,none,2 CNS reps,,Trays 14 and 16,4,0.0116,10.9328,1.5681,0.5996,-21.4583,18.7833,0.0054,-0.5483,0.2003,,,,,,,,,,
SUGA,Fall,,,BSC-F02,Biofilm,Biofilm,none,2 CNS reps,,Trays 14 and 16,6,0.0141,8.9756,1.278,0.556,-25.3263,11.6113,0.0083,-7.2243,0.2056,,,,,,,,,,
SUGA,Fall,,,BSC-F03,Biofilm,Biofilm,none,no chemistry,,,,,,,,,,,,,,,,,,,,,,
SUGA,,,,GSC-F01,POM,POM,none,,,Tray 5,68.949,0.0025,7.5311,0.0256,0.0791,-25.817,0.2553,,,,,,,,,,,,,"CNS: bad peak shape, no S data"
SUGA,,,,GSC-F01,POM,POM,acid-fumed,,,"Tray 8b, Tray 13",59.147,0.0038,13.1478,0.036,0.126,-31.0659,0.2468,0.0033,1.7598,0.0088,,,,,,,,,,
SUGA,,,,GSC-F03,POM,POM,none,no chemistry,,,,,,,,,,,,,,,,,,,,,,
SUGA,,,,GSC-S01,POM,POM,none,,,Tray 5,65.63,0.0026,8.1366,0.029,0.0805,-27.0013,0.2729,0.0041,1.3776,0.0176,,,,,,,,,,
SUGA,,,,GSC-S02,POM,POM,none,no chemistry,,,,,,,,,,,,,,,,,,,,,,
SUGA,Fall,,,SSC-F,Sediment,Sediment,none,,,Tray 17,48.345,0.002,5.6611,0.0308,0.7621,-1.1768,3.5783,,,,,"Tray 3, 19, 20",0.47,127,0.4508,428.6686,1412,14.1622,22.4292,HO: consider rerunning at 1.5-2mg
SUGA,Fall,,,SSC-F,Sediment,Sediment,acid-fumed,,,Trays 14 and 16,7.085,0.0003,7.183,0.0067,0.1519,-1.6354,2.687,0.0006,6.3535,0.0134,,,,,,,,,,CNS: Tray 16
SUGA,Summer,,,SSC-S,Sediment,Sediment,none,,,Tray 17,47.111,0.0013,0.7066,0.0203,0.7685,-0.9863,3.7027,,,,,"Tray 3, 19, 20",0.426,340,1.368,74.3569,1212,13.4124,20.6162,HO: consider rerunning at 1.5-2mg
SUGA,Summer,,,SSC-S,Sediment,Sediment,acid-fumed,,,Trays 14 and 16,7.92,0.0005,6.5652,0.0092,0.2329,-0.6722,3.6839,0.001,2.4002,0.0178,,,,,,,,,,CNS: Tray 16
SUGAR,Fall,,,LSC-F01,Leaf Litter,Leaf Litter,none,2 CNS reps,,"Tray 18, 10, 11",3.101,0.0058,2.8718,1.2829,0.5171,-28.4176,41.2048,0.0015,-5.1477,0.1319,,"Tray 3, 19, 20",0.408,1641,6.2583,-66.9777,3923,43.6554,25.2871,
SUGAR,Fall,,,LSC-F01,Leaf Litter,Leaf Litter,none,2 CNS reps / HO not found,,"Tray 18, 10, 11",3.195,0.0068,2.7205,1.4656,0.5722,-28.4154,44.26,0.0019,-6.5043,0.1615,,,,,,,,,,
SUGAR,Fall,,,LSC-F01,Leaf Litter,Leaf Litter,acid-fumed,no chemistry,,,,,,,,,,,,,,,,,,,,,,
WHIT,,,American Elm,WR A. Elm,Riparian Vegetation,Riparian Vegetation,none,,,"Tray 18, 10, 11",3.368,0.009,3.7314,1.8374,0.6856,-29.1284,50.3027,0.0021,-8.5209,0.177,,"Tray 3, 19, 20",0.443,8622,6.0687,-100.8874,4281,43.326,22.9882,"HO: well empty, filled from loose sample"
WHIT,,,American Elm,WR A. Elm-1,Riparian Vegetation,Riparian Vegetation,none,no chemistry,,,,,,,,,,,,,,,,,,,,,,
WHIT,,,Corn Leaf,WR Corn,Corn,Riparian Vegetation,none,,,,,,,,,,,,,,,"Tray 3, 19, 20",0.368,9166,7.7665,-117.1552,4060,49.6373,24.572,
WHIT,,,Corn Leaf,WR Corn Leaves,Corn,Riparian Vegetation,none,,,"Tray 18, 10, 11",4.151,0.0185,1.7256,3.0543,0.8617,-12.2674,51.3002,0.0045,-0.478,0.2982,,,,,,,,,,
WHIT,,,Forb,WR Forbes,Riparian Vegetation,Riparian Vegetation,none,,,"Tray 18, 10, 11",3.211,0.0074,4.0937,1.5778,0.3479,-27.7262,26.7714,0.0025,-9.7386,0.2183,,"Tray 3, 19, 20",0.407,7396,5.6662,-129.0094,3742,41.673,21.819,
WHIT,,,Grass,WR Grasses,Riparian Vegetation,Riparian Vegetation,none,,,"Tray 18, 10, 11",3.654,0.0141,5.9286,2.6652,0.7463,-29.5001,43.6528,0.0051,-8.8565,0.4527,,"Tray 3, 19, 20",0.444,8042,5.6477,-107.9223,4031,43.2152,24.8926,
WHIT,,,Silver Maple,WR Silver mapl-2,Riparian Vegetation,Riparian Vegetation,none,no chemistry,,,,,,,,,,,,,,,,,,,,,,
WHIT,,,Silver Maple,WR Silver Maple,Riparian Vegetation,Riparian Vegetation,none,,,"Tray 18, 10, 11",3.522,0.0097,4.7632,1.9067,0.8149,-29.5982,49.4508,0.002,-6.4594,0.1896,,"Tray 3, 19, 20",0.447,6879,4.7985,-77.7078,3463,35.3939,29.7674,"HO: well empty, filled from loose sample"
WHIT,,,Silver Maple,WR Silver maple-1,Riparian Vegetation,Riparian Vegetation,none,no chemistry,,,,,,,,,,,,,,,,,,,,,,
WHIT,,,Soybean Leaf,WR Soybean,Soy,Riparian Vegetation,none,,,"Tray 18, 10, 11",4.192,0.0281,-0.9471,4.5859,0,-27.2215,0,0.0044,0.9697,0.2929,,"Tray 3, 19, 20",0.374,7379,6.152,-121.0312,3236,38.2872,22.4829,
WHIT,Summer,Asian Clam,,WR-AC-01,Mussel Tissue,Mussel Tissue,none,,,,,,11.19605264,7.337886812,,-29.71748065,46.9105824,,-8.14,0.47,,Tray 6b and 7a,0.416,1355,6.7519,-119.7308,7454,29.3896,17.2404,
WHIT,Summer,Asian Clam,,WR-AC-04,Mussel Tissue,Mussel Tissue,none,,,,,,,,,,,,,,,Tray 6b and 7a,0.436,1367,6.4983,-115.6428,7232,27.3029,16.0877,
WHIT,Summer,Asian Clam,,WR-AC-07,Mussel Tissue,Mussel Tissue,none,,,,,,,,,,,,,,,Tray 6b and 7a,0.417,1246,6.2062,-124.3943,6911,27.4495,16.9147,
WHIT,Fall,Asian Clam,,WRAC-01,Mussel Tissue,Mussel Tissue,none,,,Tray 1a,0.957,0.011,10.0689,5.6701,0.296,-29.3385,39.7527,0.0065,-0.894,1.0458,,,,,6.75,-119.73,0.296,29.39,17.24,
WHIT,Fall,Asian Clam,,WRAC-04,Mussel Tissue,Mussel Tissue,none,,,Tray 1a,0.992,0.0134,11.1033,6.6519,0.2943,-28.7849,38.1336,0.0081,-2.5434,1.2622,,,,,6.5,-115.64,0.294,27.3,16.09,
WHIT,Fall,Asian Clam,,WRAC-07,Mussel Tissue,Mussel Tissue,none,,,Tray 1a,0.923,0.0138,10.8896,7.3651,0.2948,-28.9353,41.0616,0.0075,-4.383,1.2521,,,,,6.21,-124.39,0.295,27.45,16.91,
WHIT,Summer,Asian Clam,,WR-AC-09,Mussel Tissue,Mussel Tissue,none,from FA CSV,,,,,11.1599,12.9549,,-29.7655,81.0729,,-7.71,0.47,,,,,6.3,-115.97,4306,31.21,17.66,
WHIT,Summer,Asian Clam,,WR-AC-05,Mussel Tissue,Mussel Tissue,none,from FA CSV,,,,,11.1599,7.86,,-29.7714,47.5965,,-7.63,0.47,,,,,6.03,-115.18,3824,29.14,18.06,
WHIT,Summer,Asian Clam,,WR-AC-10,Mussel Tissue,Mussel Tissue,none,from FA CSV,,,,,11.3305,7.8629,,-29.8596,47.6025,,-7.85,0.54,,,,,6.34,-117.82,3653,28.34,16.34,
WHIT,Summer,Asian Clam,,WR-AC-08,Mussel Tissue,Mussel Tissue,none,from FA CSV,,,,,11.1619,7.4378,,-29.7322,47.2945,,-7.77,0.46,,,,,6.2,-111.36,3540,30.62,18.58,
WHIT,Summer,Fatmucket,,WR-FM-05,Mussel Tissue,Mussel Tissue,none,from FA CSV,,,,,11.6859,5.8332,,-26.49,24.5815,,-7.49,0.67,,,,,4.54,-105.32,2921,25.02,12.82,
WHIT,Summer,Fatmucket,,WR-FM-07,Mussel Tissue,Mussel Tissue,none,from FA CSV,,,,,11.9172,5.9723,,-28.533,25.4831,,-7.09,0.4,,,,,3.68,-99.8,2746,24.46,13.94,
WHIT,Summer,Fatmucket,,WR-FM-02,Mussel Tissue,Mussel Tissue,none,from FA CSV,,,,,11.5266,7.4735,,-28.9875,36.0786,,-7.74,0.4,,,,,5.4,-99.78,3495,31.62,16.41,
WHIT,Summer,Fatmucket,,WR-FM-08,Mussel Tissue,Mussel Tissue,none,from FA CSV,,,,,11.8561,7.119,,-29.723,35.3752,,-7.53,0.46,,,,,5.76,-98.71,3258,29.09,16.63,
WHIT,Summer,Fatmucket,,WR-FM-06,Mussel Tissue,Mussel Tissue,none,from FA CSV,,,,,11.4276,6.7185,,-28.5953,30.1631,,-6.86,0.46,,,,,4.04,-104.13,2804,26.34,15,
WHIT,Summer,Fatmucket,,WR-FM-01,Mussel Tissue,Mussel Tissue,none,,,,,,11.50756236,5.784928874,,-28.96591007,32.00837318,,-7.73,0.3,,Tray 6b and 7a,0.388,1104,5.8992,-114.0456,6668,28.2921,12.1432,
WHIT,Summer,Fatmucket,,WR-FM-03,Mussel Tissue,Mussel Tissue,none,,,,,,11.60611388,6.048529822,,-28.79429939,30.65899131,,-7.53,0.61,,Tray 6b and 7a,0.433,1316,6.275,-113.3031,7570,28.9179,14.1745,
WHIT,Summer,Fatmucket,,WR-FM-04,Mussel Tissue,Mussel Tissue,none,,,,,,11.33527823,7.503621085,,-28.99137437,35.37735185,,-8.41,0.4,,Tray 6b and 7a,0.407,925,4.7423,-113.9233,6097,24.8124,10.7311,
WHIT,Summer,Fatmucket,,WR-FM-09,Mussel Tissue,Mussel Tissue,none,,,,,,11.84511907,8.923426562,,-29.27246096,39.32227624,,-5.77,7.58,,Tray 6b and 7a,0.401,1206,6.2411,-112.7031,7161,29.5199,12.9323,
WHIT,Summer,Fatmucket,,WR-FM-10,Mussel Tissue,Mussel Tissue,none,,,,,,11.66682502,7.152631036,,-29.55550635,35.00182378,,-8.1,0.43,,Tray 6b and 7a,0.416,1139,5.7146,-114.2283,7177,28.3544,12.4395,
WHIT,Fall,Fatmucket,,WRFM-01,Mussel Tissue,Mussel Tissue,none,,,Tray 1a,0.971,0.0069,11.6127,3.501,0.2097,-28.4748,27.7618,0.0065,-2.1022,1.0229,,,,,5.9,-114.05,0.21,28.29,12.14,
WHIT,Fall,Fatmucket,,WRFM-03,Mussel Tissue,Mussel Tissue,none,,,Tray 1a,0.948,0.0096,10.8608,5.005,0.2273,-28.8619,30.8218,0.0073,-0.4104,1.1908,,,,,6.27,-113.3,0.227,28.92,14.17,
WHIT,Fall,Fatmucket,,WRFM-04,Mussel Tissue,Mussel Tissue,none,,,Tray 1a,0.951,0.0111,11.4092,5.741,0.241,-28.8396,32.5707,0.008,-0.5977,1.2891,,,,,4.74,-113.92,0.241,24.81,10.73,
WHIT,Fall,Fatmucket,,WRFM-09,Mussel Tissue,Mussel Tissue,none,,,Tray 1a,0.934,0.016,11.6044,8.4282,0.2957,-28.8684,40.6906,0.0083,-4.0366,1.3701,,,,,6.24,-112.7,0.296,29.52,12.93,
WHIT,Fall,Fatmucket,,WRFM-10,Mussel Tissue,Mussel Tissue,none,,,Tray 1a,0.951,0.0143,12.1606,7.41,0.2806,-28.8527,37.9322,0.0086,-3.0215,1.3883,,,,,5.71,-114.23,0.281,28.35,12.44,
WHIT,Summer,Plain Pocketbook,,WR-PP-09,Mussel Tissue,Mussel Tissue,none,from FA CSV,,,,,12.3301,7.5555,,-28.5914,30.7081,,-7.94,0.49,,,,,4.68,-101.61,2891,27.91,14.33,
WHIT,Summer,Plain Pocketbook,,WR-PP-10,Mussel Tissue,Mussel Tissue,none,from FA CSV,,,,,12.2719,9.7911,,-29.1844,37.5853,,-7.75,0.49,,,,,5.6,-102.45,3577,30.68,17.07,
WHIT,Summer,Plain Pocketbook,,WR-PP-07,Mussel Tissue,Mussel Tissue,none,from FA CSV,,,,,12.6068,5.0734,,-28.7325,22.8672,,-7.75,0.51,,,,,4.92,-105.41,3154,26.9,10.1,
WHIT,Summer,Plain Pocketbook,,WR-PP-08,Mussel Tissue,Mussel Tissue,none,from FA CSV,,,,,11.6191,6.9448,,-29.2109,31.7859,,-7.7,0.43,,,,,4.25,-95.08,2811,26.51,16.2,
WHIT,Summer,Plain Pocketbook,,WR-PP-05,Mussel Tissue,Mussel Tissue,none,from FA CSV,,,,,12.1546,11.1124,,-28.8149,41.6575,,-7.96,0.49,,,,,5.75,-100.65,3252,29.17,15.85,
WHIT,Summer,Plain Pocketbook,,WR-PP-01,Mussel Tissue,Mussel Tissue,none,,,,,,12.85145812,4.799343249,,-27.93072065,18.73196208,,-6.54,0.35,,Tray 6a,0.407,1092,5.9087,-95.8145,7892,34.1094,19.222,
WHIT,Summer,Plain Pocketbook,,WR-PP-02,Mussel Tissue,Mussel Tissue,none,,,,,,13.32071827,10.56469721,,-28.66490962,34.52614526,,-7.72,0.43,,Tray 6a,0.426,1196,6.1398,-109.9534,7632,31.5844,13.5073,
WHIT,Summer,Plain Pocketbook,,WR-PP-03,Mussel Tissue,Mussel Tissue,none,,,,,,12.83441234,9.72211305,,-28.65608759,35.66815615,,-7.8,0.48,,Tray 6a,0.455,924,4.4889,-105.4343,7585,28.9793,9.8588,
WHIT,Summer,Plain Pocketbook,,WR-PP-04,Mussel Tissue,Mussel Tissue,none,,,,,,12.65292498,6.002103005,,-28.55120345,24.14907978,,-7.27,0.28,,Tray 6a,0.401,1067,5.8813,-104.9278,7317,31.8134,9.8016,
WHIT,Summer,Plain Pocketbook,,WR-PP-06,Mussel Tissue,Mussel Tissue,none,,,,,,12.91563044,11.58015951,,-29.00014677,38.25701444,,-6.86,0.51,,Tray 6a,0.404,1032,5.6486,-112.2058,7579,32.6908,12.1307,
WHIT,Fall,Plain Pocketbook,,WRPP-01,Mussel Tissue,Mussel Tissue,none,,,Tray 1a,0.959,0.0185,13.0435,9.4946,0.3083,-28.6416,41.3249,0.0067,-3.0764,1.0722,,,,,5.91,-95.81,0.308,34.11,19.22,
WHIT,Fall,Plain Pocketbook,,WRPP-02,Mussel Tissue,Mussel Tissue,none,,,Tray 1a,1.002,0.0161,12.3456,7.921,0.2928,-28.7385,37.5672,0.0063,0.2827,0.9591,,,,,6.14,-109.95,0.293,31.58,13.51,
WHIT,Fall,Plain Pocketbook,,WRPP-03,Mussel Tissue,Mussel Tissue,none,,,Tray 1a,0.967,0.0171,11.673,8.6828,0.285,-28.6559,37.8866,0.0063,3.0623,0.9983,,,,,4.49,-105.43,0.285,28.98,9.86,
WHIT,Fall,Plain Pocketbook,,WRPP-04,Mussel Tissue,Mussel Tissue,none,,,Tray 1a,1.102,0.0157,11.5387,7.0165,0.293,-29.0266,34.182,0.0059,-0.4813,0.8246,,,,,5.88,-104.93,0.293,31.81,9.8,
WHIT,Fall,Plain Pocketbook,,WRPP-06,Mussel Tissue,Mussel Tissue,none,,,Tray 1a,0.915,0.0175,12.9356,9.3847,0.2738,-28.8209,38.4678,0.0052,-0.1446,0.8687,,,,,5.65,-112.21,0.274,32.69,12.13,
WHIT,Summer,Wabash Pigtoe,,WR-WP-07,Mussel Tissue,Mussel Tissue,none,from FA CSV,,,,,11.5446,8.0737,,-28.7651,37.5724,,-7.23,0.9,,,,,5.91,-103.64,4385,33.85,17.56,
WHIT,Summer,Wabash Pigtoe,,WR-WP-04,Mussel Tissue,Mussel Tissue,none,from FA CSV,,,,,12.3129,5.7963,,-28.5428,27.1664,,-6.92,0.87,,,,,5.25,-104.41,4010,31.77,12.9,
WHIT,Summer,Wabash Pigtoe,,WR-WP-09,Mussel Tissue,Mussel Tissue,none,from FA CSV,,,,,12.0545,6.0526,,-28.9424,27.5294,,-7.18,0.94,,,,,5.04,-109.98,4047,29.13,12.85,
WHIT,Summer,Wabash Pigtoe,,WR-WP-02,Mussel Tissue,Mussel Tissue,none,from FA CSV,,,,,12.35,9.5336,,-28.9022,37.3162,,-7.25,1.05,,,,,5.09,-98.07,4239,31.46,13.12,
WHIT,Summer,Wabash Pigtoe,,WR-WP-05,Mussel Tissue,Mussel Tissue,none,from FA CSV,,,,,11.4585,7.5048,,-29.3968,38.5355,,-7.35,0.67,,,,,6.18,-114.05,,,,
WHIT,Summer,Wabash Pigtoe,,WR-WP-01,Mussel Tissue,Mussel Tissue,none,,,,,,15.32485793,5.942422484,,-28.4468303,23.91711242,,-6.56,1.19,,Tray 6a,0.468,1298,6.0603,-105.7322,7397,27.0765,10.397,
WHIT,Summer,Wabash Pigtoe,,WR-WP-03,Mussel Tissue,Mussel Tissue,none,,,,,,12.04745276,5.634386832,,-28.7259581,26.93253457,,-7.55,0.79,,Tray 6a,0.379,977,5.6808,-114.8934,6558,30.0303,9.1414,
WHIT,Summer,Wabash Pigtoe,,WR-WP-06,Mussel Tissue,Mussel Tissue,none,,,,,,13.26646318,3.911430465,,-27.89543045,15.99954905,,-6.79,1.04,,Tray 6a,0.51,1473,6.2698,-109.2747,8025,26.9146,10.7266,
WHIT,Summer,Wabash Pigtoe,,WR-WP-08,Mussel Tissue,Mussel Tissue,none,,,,,,12.1966989,6.805553134,,-29.19019172,31.52312533,,-7.18,1.12,,Tray 6a,0.351,950,5.9596,-104.6843,6194,30.3179,10.3732,
WHIT,Summer,Wabash Pigtoe,,WR-WP-10,Mussel Tissue,Mussel Tissue,none,,,,,,13.85643618,4.546766978,,-28.2832712,19.56456854,,-7.36,0.75,,Tray 6b and 7a,0.415,492,2.5187,-91.8617,4368,17.6032,7.7751,
WHIT,Fall,Wabash Pigtoe,,WRWP-01,Mussel Tissue,Mussel Tissue,none,,,Tray 1a,0.923,0.0108,11.8092,5.7724,0.2233,-29.0589,31.0912,0.0077,0.2269,1.2819,,,,,6.06,-105.73,0.223,27.08,10.4,
WHIT,Fall,Wabash Pigtoe,,WRWP-03,Mussel Tissue,Mussel Tissue,none,,,Tray 1a,1.049,0.0181,12.7881,8.4771,0.28,-28.8285,34.3082,0.0091,-2.2405,1.3346,,,,,5.68,-114.89,0.28,30.03,9.14,
WHIT,Fall,Wabash Pigtoe,,WRWP-06,Mussel Tissue,Mussel Tissue,none,,,Tray 1a,1.045,0.0102,12.34,4.7901,0.3008,-29.5313,37.0061,0.0076,-0.0988,1.1125,,,,,6.27,-109.27,0.301,26.91,10.73,
WHIT,Fall,Wabash Pigtoe,,WRWP-08,Mussel Tissue,Mussel Tissue,none,,,Tray 1a,0.985,0.0096,12.4289,4.811,0.2138,-28.5763,27.898,0.0083,-0.5913,1.3021,,,,,5.96,-104.68,0.214,30.32,10.37,
WHIT,Fall,Wabash Pigtoe,,WRWP-10,Mussel Tissue,Mussel Tissue,none,,,Tray 1a,0.924,0.0087,12.1708,4.6243,0.1847,-28.9478,25.7011,0.0071,-2.4897,1.1745,,,,,2.52,-91.86,0.185,17.6,7.78,
WHIT,Fall,,,BWR-F01,Biofilm,Biofilm,acid-fumed,2 CNS reps,,"Tray 8b, Tray 13",8.6,0.0213,10.2422,1.3757,0.8484,,11.4293,0.016,-3.0732,0.2912,,,,,,,,,,"CNS: sample too big, no C data"
WHIT,Fall,,,BWR-F01,Biofilm,Biofilm,acid-fumed,2 CNS reps,,"Tray 8b, Tray 13",4.1,0.015,7.9552,2.0254,0.6013,,16.9894,0.0129,-4.1151,0.4928,,,,,,,,,,"CNS: sample too big, no C data"
WHIT,Fall,,,BWR-F02,Biofilm,Biofilm,none,2 CNS reps,,Trays 14 and 16,5.2,0.0197,8.6472,2.0606,0.7755,-24.0348,18.6869,0.0078,-2.636,0.2217,,,,,,,,,,
WHIT,Fall,,,BWR-F02,Biofilm,Biofilm,none,2 CNS reps,,Trays 14 and 16,2.8,0.0148,11.0605,2.8664,0.5543,-22.4628,24.8047,0.0067,-1.2511,0.3542,,,,,,,,,,
WHIT,Fall,,,BWR-F03,Biofilm,Biofilm,none,no chemistry,,,,,,,,,,,,,,,,,,,,,,
WHIT,Summer,,,BWR-S01,Biofilm,Biofilm,acid-fumed,2 CNS reps,,"Tray 8b, Tray 13",11.7,0.0288,7.9692,1.3663,0.9763,,9.667,0.0169,-6.4308,0.2262,,,,,,,,,,"CNS: sample too big, no C data"
WHIT,Summer,,,BWR-S01,Biofilm,Biofilm,acid-fumed,2 CNS reps,,"Tray 8b, Tray 13",5,0.011,8.5253,1.2217,0.6401,-29.7584,14.8316,0.0071,0.5794,0.2234,,,,,,,,,,
WHIT,Summer,,,BWR-S02,Biofilm,Biofilm,none,,,Trays 14 and 16,8.8,0.0188,10.8074,1.1583,0.9875,-21.0902,14.0606,0.0088,-5.8765,0.1477,,,,,,,,,,
WHIT,Summer,,,BWR-S03,Biofilm,Biofilm,none,no chemistry,,,,,,,,,,,,,,,,,,,,,,
WHIT,,,,GWR-F01,POM,POM,none,,,Tray 5,71.822,0.0014,7.3371,0.013,0.0615,-26.6836,0.2114,0.0039,-1.4358,0.0151,,,,,,,,,,
WHIT,,,,GWR-F01,POM,POM,acid-fumed,,,"Tray 8b, Tray 13",58.221,0.0032,10.4947,0.0305,0.1052,-30.5409,0.2094,0.0046,0.0381,0.0124,,,,,,,,,,
WHIT,,,,GWR-F02,POM,POM,none,no chemistry,,,,,,,,,,,,,,,,,,,,,,
WHIT,,,,GWR-S01,POM,POM,none,no chemistry,,,,,,,,,,,,,,,,,,,,,,
WHIT,,,,GWR-S01,POM,POM,acid-fumed,,,"Tray 8b, Tray 13",54.836,0.0033,6.1356,0.0332,0.1473,-32.6112,0.3111,0.0045,-0.1913,0.0129,,,,,,,,,,
WHIT,,,,GWR-S02,POM,POM,none,no chemistry,,,,,,,,,,,,,,,,,,,,,,
WHIT,Fall,,,LWR-F01,Leaf Litter,Leaf Litter,none,2 CNS reps,,"Tray 18, 10, 11",2.84,0.0064,3.504,1.5465,0.3709,-26.3072,32.2762,0.002,-2.9373,0.1947,,"Tray 3, 19, 20",0.374,1184,4.9457,-42.6376,3108,40.6307,22.9034,
WHIT,Fall,,,LWR-F01,Leaf Litter,Leaf Litter,none,2 CNS reps / HO not found,,"Tray 18, 10, 11",3.016,0.0074,3.6734,1.6808,0.5049,-25.9135,41.372,0.0028,-3.7312,0.2616,,,,,,,,,,
WHIT,Fall,,,LWR-F01,Leaf Litter,Leaf Litter,acid-fumed,no chemistry,,,,,,,,,,,,,,,,,,,,,,
WHIT,Summer,,,LWR-S01,Leaf Litter,Leaf Litter,none,2 CNS reps,,"Tray 18, 10, 11",2.943,0.0062,4.3746,1.4413,0.5068,-28.1945,42.5561,0.0022,-6.4611,0.209,,"Tray 3, 19, 20",0.361,1345,5.7957,-52.3653,3207,40.8926,24.7306,
WHIT,Summer,,,LWR-S01,Leaf Litter,Leaf Litter,none,2 CNS reps / HO not found,,"Tray 18, 10, 11",3.287,0.0073,4.368,1.5141,0.6404,-27.8841,48.1482,0.0024,-7.8145,0.2012,,,,,,,,,,
WHIT,Summer,,,LWR-S01,Leaf Litter,Leaf Litter,acid-fumed,no chemistry,,,,,,,,,,,,,,,,,,,,,,
WHIT,Fall,,,SWR-F,Sediment,Sediment,none,,,Tray 17,43.35,0.0117,7.8268,0.2069,0,-8.7383,0,,,,,"Tray 3, 19, 20",0.752,772,1.7676,-1.9643,2236,14.2334,21.5991,HO: consider rerunning at 1.5-2mg
WHIT,Fall,,,SWR-F,Sediment,Sediment,acid-fumed,,,Trays 14 and 16,7.9,0.0069,6.3484,0.1203,0.3862,-10.0647,6.1255,0.0029,-5.4494,0.0534,,,,,,,,,,CNS: Tray 16
WHIT,Summer,,,SWR-S,Sediment,Sediment,none,,,Tray 17,42.544,0.0033,7.4224,0.0592,0.0364,0.0378,0.1944,,,,,"Tray 3, 19, 20",0.69,52,0.096,683.555,3060,21.0495,25.4331,HO: consider rerunning at 1.5-2mg
WHIT,Summer,,,SWR-S,Sediment,Sediment,acid-fumed,,,Trays 14 and 16,7.488,0.0013,8.5126,0.0232,0.369,-1.0011,6.1744,0.0016,6.4828,0.0314,,,,,,,,,,CNS: Tray 16
WILD,,,Corn Leaf,WC Corn Leaves,Corn,Riparian Vegetation,none,,,"Tray 18, 10, 11",3.461,0.0123,7.048,2.4297,0.7082,-11.6077,50.5668,0.0028,0.1173,0.2251,,"Tray 3, 19, 20",0.371,7182,6.0362,-81.2472,3561,44.1582,26.6921,
WILD,,,Cutleaf Coneflower,WC Cutleaf Coneflower,Riparian Vegetation,Riparian Vegetation,none,,,"Tray 18, 10, 11",3.151,0.0175,8.1082,3.7976,0.6113,-30.1504,47.9411,0.0052,-7.5127,0.4613,,"Tray 3, 19, 20",0.434,8290,5.956,-87.6453,3933,41.13,21.5605,
WILD,,,Silver Maple,WC Silver Maple,Riparian Vegetation,Riparian Vegetation,none,,,"Tray 18, 10, 11",3.257,0.0142,5.9325,2.9766,0.6362,-29.0739,48.2689,0.0019,-8.6025,0.1634,,"Tray 3, 19, 20",0.388,6605,5.308,-76.2998,3413,39.5341,30.3214,"HO: well empty, filled from loose sample"
WILD,,,Silver Maple,WC Silver maple-1,Riparian Vegetation,Riparian Vegetation,none,no chemistry,,,,,,,,,,,,,,,,,,,,,,
WILD,,,Soybean Leaf,WC Soybean,Soy,Riparian Vegetation,none,,,"Tray 18, 10, 11",3.219,0.0266,-1.2268,5.6602,0.5585,-59.3769,42.8788,0.0032,1.9666,0.2738,,"Tray 3, 19, 20",0.336,6909,6.4116,-112.8772,3045,40.2413,24.5048,
WILD,Summer,Asian Clam,,WC-AC-01,Mussel Tissue,Mussel Tissue,none,,,,,,,,,,,,,,,Tray 6a,0.38,1200,6.9433,-119.1288,7040,31.7441,12.9109,
WILD,Summer,Asian Clam,,WC-AC-04,Mussel Tissue,Mussel Tissue,none,,,,,,,,,,,,,,,Tray 6a,0.384,1207,6.8824,-120.6028,6385,28.6071,12.9538,
WILD,Summer,Asian Clam,,WC-AC-07,Mussel Tissue,Mussel Tissue,none,,,,,,,,,,,,,,,Tray 6a,0.355,1108,6.8564,-122.363,6541,31.6903,14.195,
WILD,Fall,Asian Clam,,WCAC-01,Mussel Tissue,Mussel Tissue,none,,,Tray 1a,0.985,0.0142,11.1165,7.0986,0.3104,-28.8105,40.5096,,,,,,,,6.94,-119.13,0.31,31.74,12.91,"CNS: bad peak shape, no S data"
WILD,Fall,Asian Clam,,WCAC-04,Mussel Tissue,Mussel Tissue,none,,,Tray 1a,0.929,0.0125,10.4302,6.6055,0.2791,-28.6539,38.618,,,,,,,,6.88,-120.6,0.279,28.61,12.95,"CNS: bad peak shape, no S data"
WILD,Fall,Asian Clam,,WCAC-07,Mussel Tissue,Mussel Tissue,none,,,Tray 1a,0.909,0.0127,11.2288,6.8598,0.2697,-28.1248,38.1374,,,,,,,,6.86,-122.36,0.27,31.69,14.2,"CNS: bad peak shape, no S data"
WILD,Summer,Asian Clam,,WCC AC-06-SP,Mussel Tissue,Mussel Tissue,none,from FA CSV,,,,,10.5222,7.2793,,-31.1733,45.7112,,,,,,,,6.9,-123.47,3832,33.93,19.25,
WILD,Summer,Asian Clam,,WCC AC-07-SP,Mussel Tissue,Mussel Tissue,none,from FA CSV,,,,,10.3167,7.0049,,-31.3948,45.1838,,,,,,,,7.04,-126.23,3635,33.4,19.92,
WILD,Summer,Asian Clam,,WCC AC-10-SP,Mussel Tissue,Mussel Tissue,none,from FA CSV,,,,,10.1091,6.5878,,-31.6007,45.6721,,,,,,,,6.85,-126.71,3441,33.76,19.53,
WILD,Summer,Asian Clam,,WCC AC-02-SP,Mussel Tissue,Mussel Tissue,none,from FA CSV,,,,,10.3307,6.3887,,-31.6899,48.9979,,,,,,,,7,-125.11,3507,36.15,20.64,
WILD,Summer,Fatmucket,,WCC-FM-07-SP,Mussel Tissue,Mussel Tissue,none,from FA CSV,,,,,11.6121,6.7898,,-30.2715,34.7338,,,,,,,,5.41,-116.5,3283,31.81,15.94,
WILD,Summer,Fatmucket,,WCC-FM-04-SP,Mussel Tissue,Mussel Tissue,none,from FA CSV,,,,,10.8715,8.088,,-30.6221,43.204,,-4.69,4.42,,,,,5.96,-116.54,4831,32.86,13.74,
WILD,Summer,Fatmucket,,WCC-FM-06-SP,Mussel Tissue,Mussel Tissue,none,from FA CSV,,,,,11.2772,6.7341,,-30.5852,38.9023,,,,,,,,6.36,-114.67,3602,34.67,14.92,
WILD,Summer,Fatmucket,,WCC-FM-05-SP,Mussel Tissue,Mussel Tissue,none,from FA CSV,,,,,11.8107,7.9218,,-29.8206,36.2396,,,,,,,,5.54,-107.77,3364,31.9,15.22,
WILD,Summer,Fatmucket,,WCC-FM-10-SP,Mussel Tissue,Mussel Tissue,none,from FA CSV,,,,,11.5717,6.2699,,-29.5349,31.3455,,-4.17,4.3,,,,,5.97,-105.73,4022,34.07,17.34,
WILD,Summer,Fatmucket,,WCC-FM-09-SP,Mussel Tissue,Mussel Tissue,none,from FA CSV,,,,,11.5436,8.8521,,-29.9825,41.537,,-4.36,5.02,,,,,5.84,-108.97,4440,32.81,17.15,
WILD,Summer,Fatmucket,,WCC-FM-03-SP,Mussel Tissue,Mussel Tissue,none,from FA CSV,,,,,11.5256,6.6448,,-30.2685,38.4244,,-4.46,4.89,,,,,,,,,,
WILD,Summer,Fatmucket,,WCC-FM-08-SP,Mussel Tissue,Mussel Tissue,none,from FA CSV,,,,,11.2882,5.063,,-29.151,31.3524,,-4.75,4.51,,,,,,,,,,
WILD,Summer,Fatmucket,,WCC-FM-02-SP,Mussel Tissue,Mussel Tissue,none,from FA CSV,,,,,11.8281,7.4591,,-30.3351,36.2055,,-4.05,6.04,,,,,5.52,-110.2,3686,31.06,13.13,
WILD,Summer,Fatmucket,,WCC-FM-01-SP,Mussel Tissue,Mussel Tissue,none,from FA CSV,,,,,11.6768,6.975,,-28.9434,31.9217,,-3.9,6.16,,,,,3.79,-92.55,3896,28.02,12.62,
WILD,Summer,Fatmucket,,WC-FM-01,Mussel Tissue,Mussel Tissue,none,,,,,,,,,,,,,,,Tray 6a,0.433,1154,5.8622,-105.4589,7573,30.2498,10.0559,
WILD,Summer,Fatmucket,,WC-FM-03,Mussel Tissue,Mussel Tissue,none,,,,,,,,,,,,,,,Tray 6a,0.391,1110,6.1994,-112.2757,6829,30.5424,10.8866,
WILD,Summer,Fatmucket,,WC-FM-05,Mussel Tissue,Mussel Tissue,none,,,,,,,,,,,,,,,Tray 6a,0.385,923,5.2761,-103.7595,6896,31.1291,9.6273,
WILD,Summer,Fatmucket,,WC-FM-08,Mussel Tissue,Mussel Tissue,none,,,,,,,,,,,,,,,Tray 6a,0.362,1020,6.19,-110.9339,6031,28.5348,9.292,
WILD,Summer,Fatmucket,,WC-FM-10,Mussel Tissue,Mussel Tissue,none,,,,,,,,,,,,,,,Tray 6a,0.358,1111,6.7963,-114.3248,6100,29.2435,10.1503,
WILD,Fall,Fatmucket,,WCFM-01,Mussel Tissue,Mussel Tissue,none,,,Tray 1a,1.005,0.0087,11.7736,4.242,0.212,-28.8457,27.1094,0.0036,2.0926,0.5545,,,,,5.86,-105.46,0.212,30.25,10.06,
WILD,Fall,Fatmucket,,WCFM-03,Mussel Tissue,Mussel Tissue,none,,,Tray 1a,0.968,0.0098,11.5674,4.9657,0.2387,-28.9354,31.6945,0.0038,2.356,0.6025,,,,,6.2,-112.28,0.239,30.54,10.89,
WILD,Fall,Fatmucket,,WCFM-05,Mussel Tissue,Mussel Tissue,none,,,Tray 1a,0.991,0.012,12.1203,5.9539,0.2597,-28.9611,33.6904,0.0042,1.451,0.6501,,,,,5.28,-103.76,0.26,31.13,9.63,
WILD,Fall,Fatmucket,,WCFM-08,Mussel Tissue,Mussel Tissue,none,,,Tray 1a,0.98,0.0068,10.8241,3.4152,0.1627,-28.7483,21.3417,0.0032,5.235,0.5097,,,,,6.19,-110.93,0.163,28.53,9.29,
WILD,Fall,Fatmucket,,WCFM-10,Mussel Tissue,Mussel Tissue,none,,,Tray 1a,0.999,0.0081,11.084,3.9972,0.2021,-28.7007,25.9997,,,,,,,,6.8,-114.32,0.202,29.24,10.15,"CNS: bad peak shape, no S data"
WILD,Summer,Plain Pocketbook,,WCC-PP-09-SP,Mussel Tissue,Mussel Tissue,none,from FA CSV,,,,,11.9062,9.2812,,-29.721,35.899,,-3.55,6.23,,,,,4.77,-110.78,3844,28.48,14.58,
WILD,Summer,Plain Pocketbook,,WCC-PP-04-SP,Mussel Tissue,Mussel Tissue,none,from FA CSV,,,,,12.1096,9.4341,,-29.4674,39.1172,,-5.56,4.81,,,,,5.57,-109.97,4191,30.63,13.72,
WILD,Summer,Plain Pocketbook,,WCC-PP-03-SP,Mussel Tissue,Mussel Tissue,none,from FA CSV,,,,,11.6127,8.6315,,-29.4615,38.4073,,-3.94,4.98,,,,,5.32,-108.99,3713,29.96,20.09,
WILD,Summer,Plain Pocketbook,,WCC-PP-06-SP,Mussel Tissue,Mussel Tissue,none,from FA CSV,,,,,11.2542,7.4879,,-30.6037,37.4055,,-5.56,0.48,,,,,5.27,-113.53,,,,
WILD,Summer,Plain Pocketbook,,WCC-PP-01-SP,Mussel Tissue,Mussel Tissue,none,from FA CSV,,,,,11.2031,7.9309,,-30.0586,33.3962,,-5.47,0.42,,,,,5.14,-115.95,,,,
WILD,Summer,Plain Pocketbook,,WCC-PP-10-SP,Mussel Tissue,Mussel Tissue,none,from FA CSV,,,,,11.0488,6.2367,,-30.1402,35.0429,,-5.57,4.21,,,,,5.23,-113.1,4459,32.63,15.66,
WILD,Summer,Plain Pocketbook,,WCC-PP-08-SP,Mussel Tissue,Mussel Tissue,none,from FA CSV,,,,,11.5723,7.5303,,-30.2419,37.7699,,-5.6,0.47,,,,,5.97,-109.26,,,,
WILD,Summer,Plain Pocketbook,,WCC-PP-02-SP,Mussel Tissue,Mussel Tissue,none,from FA CSV,,,,,11.6826,8.3495,,-29.4508,34.1783,,-4.98,0.58,,,,,6.15,-94.56,,,,
WILD,Summer,Plain Pocketbook,,WCC-PP-05-SP,Mussel Tissue,Mussel Tissue,none,from FA CSV,,,,,11.3743,9.1348,,-29.7974,40.0544,,-4.03,5.09,,,,,5.72,-111.38,4514,32.05,15.86,
WILD,Summer,Plain Pocketbook,,WCC-PP-07-SP,Mussel Tissue,Mussel Tissue,none,from FA CSV,,,,,11.6826,10.3576,,-29.3656,40.1653,,-5.26,0.48,,,,,4.36,-106.74,,,,
WILD,Summer,Plain Pocketbook,,WC-PP-03,Mussel Tissue,Mussel Tissue,none,,,,,,,,,,,,,,,Tray 6a,0.396,1148,6.3506,-116.8946,6572,28.317,10.3646,
WILD,Summer,Plain Pocketbook,,WC-PP-04,Mussel Tissue,Mussel Tissue,none,,,,,,,,,,,,,,,Tray 6a,0.393,1061,5.93,-97.3624,6789,29.6891,8.9804,
WILD,Summer,Plain Pocketbook,,WC-PP-05,Mussel Tissue,Mussel Tissue,none,,,,,,,,,,,,,,,Tray 6a,0.463,1326,6.2557,-109.6555,7229,26.6369,8.6461,
WILD,Summer,Plain Pocketbook,,WC-PP-08,Mussel Tissue,Mussel Tissue,none,,,,,,,,,,,,,,,Tray 6a,0.478,1189,5.4556,-110.4507,7903,28.7651,9.0405,
WILD,Summer,Plain Pocketbook,,WC-PP-10,Mussel Tissue,Mussel Tissue,none,,,,,,,,,,,,,,,Tray 6a,0.482,871,3.996,-102.8969,6709,24.5853,6.1198,
WILD,Fall,Plain Pocketbook,,WCPP-03,Mussel Tissue,Mussel Tissue,none,,,Tray 1a,0.963,0.0172,11.4285,8.7777,0.2807,-29.3309,37.467,0.005,0.4287,0.8063,,,,,6.35,-116.89,0.281,28.32,10.36,
WILD,Fall,Plain Pocketbook,,WCPP-04,Mussel Tissue,Mussel Tissue,none,,,Tray 1a,1.02,0.0065,11.228,3.1562,0.1478,-28.3499,18.6213,0.004,2.3845,0.6029,,,,,5.93,-97.36,0.148,29.69,8.98,
WILD,Fall,Plain Pocketbook,,WCPP-05,Mussel Tissue,Mussel Tissue,none,,,Tray 1a,1.193,0.0092,11.9087,3.782,0.2047,-28.3108,22.0572,0.0044,2.1242,0.5669,,,,,6.26,-109.66,0.205,26.64,8.65,
WILD,Fall,Plain Pocketbook,,WCPP-08,Mussel Tissue,Mussel Tissue,none,,,Tray 1a,0.955,0.007,11.5979,3.5899,0.1726,-27.9807,23.2367,0.0033,2.1969,0.5292,,,,,5.46,-110.45,0.173,28.77,9.04,
WILD,Fall,Plain Pocketbook,,WCPP-10,Mussel Tissue,Mussel Tissue,none,,,Tray 1a,0.958,0.0085,11.58,4.3451,0.2071,-28.8155,27.7945,0.0036,2.4722,0.5857,,,,,4,-102.9,0.207,24.59,6.12,
WILD,Summer,Wabash Pigtoe,,WCC-WP-07-SP,Mussel Tissue,Mussel Tissue,none,from FA CSV,,,,,11.5209,8.4315,,-29.85,36.7957,,,,,,,,5.75,-116.78,3453,30.49,13.68,
WILD,Summer,Wabash Pigtoe,,WCC-WP-01-SP,Mussel Tissue,Mussel Tissue,none,from FA CSV,,,,,10.4568,7.3798,,-30.3204,40.2993,,-4.46,3.67,,,,,6.21,-114.69,4409,34.84,19.24,
WILD,Summer,Wabash Pigtoe,,WCC-WP-02-SP,Mussel Tissue,Mussel Tissue,none,from FA CSV,,,,,11.0446,8.0718,,-29.7275,35.2496,,,,,,,,6.19,-119.01,3532,31.27,14.94,
WILD,Summer,Wabash Pigtoe,,WCC-WP-03-SP,Mussel Tissue,Mussel Tissue,none,from FA CSV,,,,,11.18,7.3118,,-30.0264,37.638,,,,,,,,6.63,-119.66,4108,37.76,19.65,
WILD,Summer,Wabash Pigtoe,,WCC-WP-04-SP,Mussel Tissue,Mussel Tissue,none,from FA CSV,,,,,11.5312,7.5303,,-29.5557,37.2643,,-5.36,0.47,,,,,6.82,-108.53,,,,
WILD,Summer,Wabash Pigtoe,,WC-WP-01,Mussel Tissue,Mussel Tissue,none,,,,,,,,,,,,,,,Tray 6a,0.397,1191,6.5772,-102.9125,7188,31.1204,10.3922,
WILD,Summer,Wabash Pigtoe,,WC-WP-02,Mussel Tissue,Mussel Tissue,none,,,,,,,,,,,,,,,Tray 6a,0.409,890,4.8137,-102.147,6359,27.0911,6.8456,
WILD,Summer,Wabash Pigtoe,,WC-WP-03,Mussel Tissue,Mussel Tissue,none,,,,,,,,,,,,,,,Tray 6a,0.424,1303,6.6839,-108.6219,7075,28.7081,10.8771,
WILD,Summer,Wabash Pigtoe,,WC-WP-04,Mussel Tissue,Mussel Tissue,none,,,,,,,,,,,,,,,Tray 6a,0.396,1184,6.55,-103.4331,8534,37.2995,13.9778,
WILD,Summer,Wabash Pigtoe,,WC-WP-05,Mussel Tissue,Mussel Tissue,none,,,,,,,,,,,,,,,Tray 6a,0.417,1231,6.4931,-107.6802,6784,27.9155,8.5832,
WILD,Fall,Wabash Pigtoe,,WCWP-01,Mussel Tissue,Mussel Tissue,none,,,Tray 1a,0.94,0.0147,11.1896,7.6773,0.2782,-28.577,38.0383,0.0057,0.8921,0.9251,,,,,6.58,-102.91,0.278,31.12,10.39,
WILD,Fall,Wabash Pigtoe,,WCWP-02,Mussel Tissue,Mussel Tissue,none,,,Tray 1a,0.928,0.0108,11.551,5.7232,0.2686,-29.7316,37.2078,0.0044,2.2181,0.7315,,,,,4.81,-102.15,0.269,27.09,6.85,
WILD,Fall,Wabash Pigtoe,,WCWP-03,Mussel Tissue,Mussel Tissue,none,,,Tray 1a,1.132,0.0164,12.2363,7.1043,0.2721,-29.1065,30.9015,0.0053,0.3262,0.7155,,,,,6.68,-108.62,0.272,28.71,10.88,
WILD,Fall,Wabash Pigtoe,,WCWP-04,Mussel Tissue,Mussel Tissue,none,,,Tray 1a,0.916,0.0172,12.7092,9.2174,0.2953,-28.9008,41.4444,0.0051,1.7962,0.8532,,,,,6.55,-103.43,0.295,37.3,13.98,
WILD,Fall,Wabash Pigtoe,,WCWP-05,Mussel Tissue,Mussel Tissue,none,,,Tray 1a,1.016,0.0199,12.7259,9.6198,0.3127,-28.892,39.5643,0.0059,1.3389,0.8964,,,,,6.49,-107.68,0.313,27.92,8.58,
WILD,Fall,,,BWC-F01,Biofilm,Biofilm,acid-fumed,,,"Tray 8b, Tray 13",5.5,0.0077,9.3766,0.7798,0.5435,-23.5049,11.449,0.0053,2.4824,0.1508,,,,,,,,,,
WILD,Fall,,,BWC-F02,Biofilm,Biofilm,none,,,Trays 14 and 16,3.32,0.0147,9.484,2.4121,0.6141,-20.497,23.1766,0.0092,-1.6302,0.4113,,,,,,,,,,
WILD,Fall,,,BWC-F03,Biofilm,Biofilm,none,no chemistry,,,,,,,,,,,,,,,,,,,,,,
WILD,Summer,,,BWC-S01,Biofilm,Biofilm,acid-fumed,,,"Tray 8b, Tray 13",18.3,0.0552,-0.9689,1.6728,,,,0.0325,,0.28,,,,,,,,,,"CNS: sample too big, no C or S data"
WILD,Summer,,,BWC-S03,Biofilm,Biofilm,none,no chemistry,,,,,,,,,,,,,,,,,,,,,,
WILD,,,,GWC-F01,POM,POM,none,,,Tray 5,74.162,0.0014,7.1653,0.013,0.0492,-25.8722,0.1639,0.0025,-1.2562,0.0095,,,,,,,,,,
WILD,,,,GWC-F01,POM,POM,acid-fumed,,,Tray 8a,28.054,0.0027,-0.8702,0.0537,0.0015,-33.5954,0.0067,,,,,,,,,,,,,"CNS: bad peak shape, no S data"
WILD,,,,GWC-F03,POM,POM,none,no chemistry,,,,,,,,,,,,,,,,,,,,,,
WILD,,,,GWC-S01,POM,POM,acid-fumed,,,Tray 8a,73.74,0.0024,-10.4139,0.0177,0.0796,-36.3642,0.1354,,,,,,,,,,,,,"CNS: bad peak shape, no S data"
WILD,Fall,,,SWC-F,Sediment,Sediment,none,,,Tray 17,45.317,0.0029,4.259,0.0483,0.4555,-5.2752,2.2818,,,,,"Tray 3, 19, 20",0.591,241,0.6931,135.4754,1264,10.0073,20.6213,
WILD,Fall,,,SWC-F,Sediment,Sediment,acid-fumed,,,Trays 14 and 16,7.574,0.0013,7.8626,0.023,0.1117,-7.9312,1.8474,0.0013,5.4224,0.0248,,,,,,,,,,CNS: Tray 16
WILD,Summer,,,SWC-S,Sediment,Sediment,none,,,Tray 17,47.129,0.0016,0.2341,0.0266,0.2219,-0.6763,1.0686,,,,,"Tray 3, 19, 20",0.57,,,,2784,22.3702,26.3136,HO: consider rerunning at 1.5-2mg
WILD,Summer,,,SWC-S,Sediment,Sediment,acid-fumed,,,Trays 14 and 16,7.344,0.0005,4.3295,0.0089,0.3527,-1.3772,6.0183,0.0015,3.4336,0.0301,,,,,,,,,,CNS: Tray 16
WILD,Fall,,,FWC-S01,POM,POM,none,,,Tray 5,62.559,0.0006,5.9986,0.0064,0.022,-25.6482,0.0783,0.0021,3.3091,0.0095,,,,,,,,,,
,,,,B00-001,Biofilm,Biofilm,none,HO not found,,Trays 14 and 16,1,0,,,0.0301,-29.3081,,0,,,,,,,,,,,,
,,,,B00-001,Biofilm,Biofilm,acid-fumed,,,"Tray 8b, Tray 13",,0,,,0.0344,-27.3643,3.9812,0,,,,,,,,,,,,
,,,,B00-002,Biofilm,Biofilm,none,HO not found,,Trays 14 and 16,1,0,,,0,-29.7471,,0,,,,,,,,,,,,
,,,,B00-002,Biofilm,Biofilm,acid-fumed,,,"Tray 8b, Tray 13",,0,,,0.0386,-28.9715,4.4668,0,,,,,,,,,,,,
,,,,B00-003,Biofilm,Biofilm,none,,,Trays 14 and 16,1,0,,,0.0646,-11.8106,,0,,,,,,,,,,,,
,,,,B00-003,Biofilm,Biofilm,acid-fumed,,,"Tray 8b, Tray 13",,0,,,0.035,-29.2468,4.0582,0,,,,,,,,,,,,
,,,,BUK-101,Biofilm,Biofilm,acid-fumed,,,"Tray 8b, Tray 13",9.6,0.0196,7.133,1.1324,0.6975,-28.0804,8.4177,0.0155,-4.7969,0.2522,,,,,,,,,,
,,,,BUK-102,Biofilm,Biofilm,none,,,Trays 14 and 16,13.4,0.0252,6.587,1.0214,1.6167,-11.8106,15.1174,0.0184,3.2011,0.2027,,,,,,,,,,
,,,,BUK-103,Biofilm,Biofilm,none,no chemistry,,,,,,,,,,,,,,,,,,,,,,
,,,,BUK-201,Biofilm,Biofilm,acid-fumed,,,"Tray 8b, Tray 13",10.6,0.0202,5.9196,1.0556,0,-21.2522,0,0.0162,6.7387,0.2393,,,,,,,,,,
,,,,BUK-202,Biofilm,Biofilm,none,,,Trays 14 and 16,5.5,0.0151,6.7552,1.4905,0.4433,-29.4143,10.0995,0.0067,3.2701,0.1803,,,,,,,,,,
,,,,BUK-203,Biofilm,Biofilm,none,no chemistry,,,,,,,,,,,,,,,,,,,,,,
,,,,G00-001,POM,POM,none,,,Tray 5,67.66,0.0005,2.9107,0.0055,0.0352,-27.2475,0.1285,0.0008,8.4501,0.0033,,,,,,,,,,
,,,,G00-001,POM,POM,acid-fumed,,,"Tray 8b, Tray 13",68.993,0.0024,-3.6772,0.0191,0.101,-29.8191,0.1697,0.0022,6.2893,0.005,,,,,,,,,,
,,,,G00-002,POM,POM,none,,,Tray 5,70.666,0.0005,2.8455,0.0049,0.0245,-27.1688,0.0772,0.0011,8.2117,0.0042,,,,,,,,,,
,,,,G00-002,POM,POM,acid-fumed,,,Tray 8a,62.499,0,-28.0172,0,0.0525,-37.3275,0.1054,,,,,,,,,,,,,"CNS: bad peak shape, no S data"
,,,,G00-003,POM,POM,none,,,Tray 5,73.861,0.0018,4.6681,0.0175,0.0484,-26.5767,0.1457,,,,,,,,,,,,,"CNS: bad peak shape, no S data"
,,,,G00-003,POM,POM,acid-fumed,,,Tray 8a,57.622,0.0031,-2.2945,0.0299,0.1057,-32.6386,0.2302,,,,,,,,,,,,,"CNS: bad peak shape, no S data"
,,,,G00-004,POM,POM,none,no chemistry,,,,,,,,,,,,,,,,,,,,,,
,,,,G00-005,POM,POM,none,no chemistry,,,,,,,,,,,,,,,,,,,,,,
,,,,G00-006,POM,POM,none,no chemistry,,,,,,,,,,,,,,,,,,,,,,
,,,,G00-TEST,POM,POM,acid-fumed,,,Tray 8a,58.58,0,-13.6279,0,0.0597,-34.2727,0.1278,0.0009,10.7042,0.0024,,,,,,,,,,